label,type,source_id,instance,soma_side,soma_neuromere,group_id,nt_consensus,nt_type_confidence,manc_body_id,hemilineage_truman,n_pre,n_post,dominant_leg,dominant_leg_fraction
E1,IN17A001,800003,IN17A001_L,L,T3,800003,acetylcholine,0.9707315620563247,10498,17A,2931,12612,T3L,1.0
E1,IN17A001,800009,IN17A001_L,L,T2,800009,acetylcholine,0.9707315620563247,10559,17A,2809,11218,T2L,1.0
E1,IN17A001,800114,IN17A001_R,R,T3,800003,acetylcholine,0.9707315620563247,10558,17A,2652,10823,T3R,1.0
E1,IN17A001,800173,IN17A001_L,L,T1,800173,acetylcholine,0.9707315620563247,10707,17A,2520,9293,T1L,1.0
E1,IN17A001,800288,IN17A001_R,R,T1,800173,acetylcholine,0.9707315620563247,10690,17A,2541,6440,T1R,1.0
E1,IN17A001,818556,IN17A001_R,R,T2,800009,acetylcholine,0.9707315620563247,10072,17A,2543,8491,T2R,1.0
E2,INXXX466,800863,INXXX466_L,L,T1,800863,acetylcholine,0.9680064800927738,11751,TBD,1492,3429,T1L,1.0
E2,INXXX466,801149,INXXX466_L,L,T3,801149,acetylcholine,0.9680064800927738,12315,TBD,1525,4420,T3L,1.0
E2,INXXX466,801429,INXXX466_R,R,T3,801149,acetylcholine,0.9680064800927738,152696,TBD,1336,4026,T3R,1.0
E2,INXXX466,801728,INXXX466_L,L,T2,801728,acetylcholine,0.9680064800927738,11767,TBD,1545,4317,T2L,1.0
E2,INXXX466,802025,INXXX466_R,R,T2,801728,acetylcholine,0.9680064800927738,12107,TBD,1462,3346,T2R,1.0
E2,INXXX466,903216,INXXX466_R,R,T1,800863,acetylcholine,0.9680064800927738,13698,TBD,1440,2489,T1R,1.0
I1,IN16B036,801257,IN16B036_L,L,T3,801257,glutamate,0.8286996121056763,12953,16B,1629,2386,T3L,1.0
I1,IN16B036,801884,IN16B036_L,L,T1,801884,glutamate,0.8286996121056763,13905,16B,983,1176,T1L,1.0
I1,IN16B036,801916,IN16B036_R,R,T3,801257,glutamate,0.8286996121056763,156245,16B,1741,2509,T3R,1.0
I1,IN16B036,803183,IN16B036_R,R,T1,801884,glutamate,0.8286996121056763,14096,16B,937,836,T1R,1.0
I1,IN16B036,903139,IN16B036_L,L,T2,903139,glutamate,0.8286996121056763,13186,16B,1356,2110,T2L,1.0
I1,IN16B036,904079,IN16B036_R,R,T2,903139,glutamate,0.8286996121056763,17322,16B,1214,1658,T2R,1.0
I2,IN19A007,800103,IN19A007_R,R,T2,800103,gaba,0.8767465013340479,10252,19A,2171,7574,T2R,1.0
I2,IN19A007,800119,IN19A007_R,R,T3,800119,gaba,0.8767465013340479,10346,19A,1945,8795,T3R,1.0
I2,IN19A007,800233,IN19A007_L,L,T2,800103,gaba,0.8767465013340479,11680,19A,2224,9939,T2L,1.0
I2,IN19A007,800374,IN19A007_L,L,T1,800374,gaba,0.8767465013340479,10242,19A,2064,6876,T1L,1.0
I2,IN19A007,800411,IN19A007_R,R,T1,800374,gaba,0.8767465013340479,10427,19A,1744,4687,T1R,1.0
I2,IN19A007,800494,IN19A007_L,L,T3,800119,gaba,0.8767465013340479,10215,19A,2045,8781,T3L,1.0
E3,IN19B012,800089,IN19B012_R,R,T3,800089,acetylcholine,0.9617796074410156,10790,19B,1571,9380,T3L,1.0
E3,IN19B012,800216,IN19B012_R,R,T1,800216,acetylcholine,0.9617796074410156,10715,19B,1623,6462,T1L,1.0
E3,IN19B012,800583,IN19B012_L,L,T2,800583,acetylcholine,0.9617796074410156,11109,19B,1532,7549,T2R,1.0
E3,IN19B012,800837,IN19B012_R,R,T2,800583,acetylcholine,0.9617796074410156,11093,19B,1602,9313,T2L,1.0
E3,IN19B012,800879,IN19B012_L,L,T3,800089,acetylcholine,0.9617796074410156,11984,19B,1480,8548,T3R,0.999
E3,IN19B012,801061,IN19B012_L,L,T1,800216,acetylcholine,0.9617796074410156,154691,19B,1482,5192,T1R,1.0
E4,IN03A006,800403,IN03A006_R,R,T2,800403,acetylcholine,0.9654057615713755,11085,03A,1573,5476,T2R,1.0
E4,IN03A006,800557,IN03A006_L,L,T2,800403,acetylcholine,0.9654057615713755,11236,03A,1639,5996,T2L,0.999
E4,IN03A006,800646,IN03A006_L,L,T3,800646,acetylcholine,0.9654057615713755,12058,03A,1685,6162,T3L,1.0
E4,IN03A006,800663,IN03A006_L,L,T1,800663,acetylcholine,0.9654057615713755,12021,03A,1487,4059,T1L,1.0
E4,IN03A006,800897,IN03A006_R,R,T3,800646,acetylcholine,0.9654057615713755,11760,03A,1555,6095,T3R,1.0
E4,IN03A006,903211,IN03A006_R,R,T1,800663,acetylcholine,0.9654057615713755,11374,03A,1006,1855,T1R,1.0
E5,INXXX464,800072,INXXX464_L,L,T2,800072,acetylcholine,0.9670521052090185,11450,TBD,2443,13491,T2L,1.0
E5,INXXX464,800211,INXXX464_R,R,T2,800072,acetylcholine,0.9670521052090185,100544,TBD,2405,12782,T2R,1.0
E5,INXXX464,800286,INXXX464_L,L,T1,800286,acetylcholine,0.9670521052090185,162543,TBD,2444,10533,T1L,1.0
E5,INXXX464,800375,INXXX464_R,R,T1,800286,acetylcholine,0.9670521052090185,10274,TBD,2306,7843,T1R,1.0
E5,INXXX464,902520,INXXX464_R,R,T3,902520,acetylcholine,0.9670521052090185,10677,TBD,2041,10373,T3R,1.0
E5,INXXX464,929612,INXXX464_L,L,T3,902520,acetylcholine,0.9670521052090185,10927,TBD,2006,11173,T3L,1.0
