pre_id,post_id,synapse_count,synapse_count_hp,pre_type,pre_instance,pre_nt_consensus,post_type,post_instance
520884,10056,533,470,GNG458,GNG458_L,gaba,DNg100,DNg100_R
26344,10056,512,472,GNG458,GNG458_R,gaba,DNg100,DNg100_R
10856,10056,481,455,DNge129,DNge129_R,gaba,DNg100,DNg100_R
11006,10056,460,429,DNge129,DNge129_L,gaba,DNg100,DNg100_R
10180,10056,390,357,AN02A002,AN02A002_R,glutamate,DNg100,DNg100_R
10671,10056,381,348,AN02A002,AN02A002_L,glutamate,DNg100,DNg100_R
11118,10056,326,293,PVLP137,PVLP137_L,acetylcholine,DNg100,DNg100_R
578647,10056,319,270,VES089,VES089_L,acetylcholine,DNg100,DNg100_R
10329,10056,288,265,PVLP137,PVLP137_R,acetylcholine,DNg100,DNg100_R
26564,10056,288,256,AN00A006,AN00A006_M,gaba,DNg100,DNg100_R
516820,10056,270,248,GNG127,GNG127_L,gaba,DNg100,DNg100_R
12612,10056,261,229,GNG581,GNG581_R,gaba,DNg100,DNg100_R
11982,10056,253,233,GNG127,GNG127_R,gaba,DNg100,DNg100_R
513473,10056,249,210,GNG581,GNG581_L,gaba,DNg100,DNg100_R
519879,10056,240,219,VES089,VES089_R,acetylcholine,DNg100,DNg100_R
10296,10056,230,189,DNge054,DNge054_R,gaba,DNg100,DNg100_R
12771,10056,230,210,DNge135,DNge135_L,gaba,DNg100,DNg100_R
12166,10056,229,198,CB0244,CB0244_R,acetylcholine,DNg100,DNg100_R
11297,10056,208,185,DNbe003,DNbe003(hb5813024933)_R,acetylcholine,DNg100,DNg100_R
22047,10056,205,185,AN00A006,AN00A006(22047)_M,gaba,DNg100,DNg100_R
11363,10056,200,180,VES045,VES045_R,gaba,DNg100,DNg100_R
16942,10056,199,183,DNge098,DNge098_R,gaba,DNg100,DNg100_R
10377,10056,195,169,DNge054,DNge054_L,gaba,DNg100,DNg100_R
27250,10056,183,161,GNG146,GNG146_L,gaba,DNg100,DNg100_R
11213,10056,180,157,CB0244,CB0244_L,acetylcholine,DNg100,DNg100_R
11810,10056,172,161,PLP300m,PLP300m_L,acetylcholine,DNg100,DNg100_R
13973,10056,170,152,PLP300m,PLP300m_L,acetylcholine,DNg100,DNg100_R
14049,10056,168,154,PLP300m,PLP300m_R,acetylcholine,DNg100,DNg100_R
23721,10056,166,141,CB4105,CB4105_L,acetylcholine,DNg100,DNg100_R
512456,10056,164,148,GNG555,GNG555_R,gaba,DNg100,DNg100_R
901791,10056,161,133,GNG146,GNG146_R,gaba,DNg100,DNg100_R
11061,10056,159,149,VES045,VES045_L,gaba,DNg100,DNg100_R
15246,10056,158,142,CB4105,CB4105_R,acetylcholine,DNg100,DNg100_R
11111,10056,155,142,DNbe003,DNbe003(hb5813024933)_L,acetylcholine,DNg100,DNg100_R
12039,10056,154,139,DNge135,DNge135_R,gaba,DNg100,DNg100_R
515219,10056,154,138,PLP300m,PLP300m_R,acetylcholine,DNg100,DNg100_R
12000,10056,152,145,DNge099,DNge099_L,glutamate,DNg100,DNg100_R
11889,10056,147,128,DNge065,DNge065_L,gaba,DNg100,DNg100_R
12976,10056,147,132,AN05B007,AN05B007_L,gaba,DNg100,DNg100_R
523497,10056,147,124,VES046,VES046_R,glutamate,DNg100,DNg100_R
12869,10056,142,132,DNge098,DNge098_L,gaba,DNg100,DNg100_R
11482,10056,136,118,DNge065,DNge065_R,gaba,DNg100,DNg100_R
512165,10056,136,118,GNG555,GNG555_L,gaba,DNg100,DNg100_R
11526,10056,135,119,PVLP114,PVLP114_R,acetylcholine,DNg100,DNg100_R
47726,10056,129,116,CL203,CL203_L,acetylcholine,DNg100,DNg100_R
11746,10056,122,111,VES046,VES046_L,glutamate,DNg100,DNg100_R
572814,10056,122,104,GNG586,GNG586_R,gaba,DNg100,DNg100_R
522325,10056,121,107,CL264,CL264_R,acetylcholine,DNg100,DNg100_R
10045,10056,119,101,DNg100,DNg100_L,acetylcholine,DNg100,DNg100_R
519772,10056,118,103,CL203,CL203_R,acetylcholine,DNg100,DNg100_R
10963,10056,116,103,SMP543,SMP543_L,gaba,DNg100,DNg100_R
10588,10056,114,96,AVLP710m,AVLP710m_R,gaba,DNg100,DNg100_R
12175,10056,113,105,DNge099,DNge099_R,glutamate,DNg100,DNg100_R
519773,10056,109,100,DNge119,DNge119_R,glutamate,DNg100,DNg100_R
513499,10056,105,88,GNG114,GNG114_L,gaba,DNg100,DNg100_R
10594,10056,102,90,PVLP114,PVLP114_L,acetylcholine,DNg100,DNg100_R
11177,10056,102,93,DNp09,DNp09_R,acetylcholine,DNg100,DNg100_R
11813,10056,98,91,CL264,CL264_L,acetylcholine,DNg100,DNg100_R
524363,10056,98,83,GNG031,GNG031_L,gaba,DNg100,DNg100_R
10365,10056,93,86,GNG114,GNG114_R,gaba,DNg100,DNg100_R
10798,10056,93,81,SMP543,SMP543_R,gaba,DNg100,DNg100_R
12266,10056,90,86,DNg43,DNg43_R,acetylcholine,DNg100,DNg100_R
520862,10056,90,81,GNG031,GNG031_R,gaba,DNg100,DNg100_R
10968,10056,83,79,DNp34,DNp34_L,acetylcholine,DNg100,DNg100_R
11043,10056,83,71,LPT60,LPT60_L,acetylcholine,DNg100,DNg100_R
15341,10056,83,66,GNG085,GNG085_L,gaba,DNg100,DNg100_R
512910,10056,83,73,SMP469,SMP469_L,acetylcholine,DNg100,DNg100_R
14906,10056,81,74,GNG523,GNG523_R,glutamate,DNg100,DNg100_R
10583,10056,77,71,LPT60,LPT60_R,acetylcholine,DNg100,DNg100_R
11304,10056,77,63,DNge042,DNge042_L,acetylcholine,DNg100,DNg100_R
555428,10056,73,63,GNG085,GNG085_R,gaba,DNg100,DNg100_R
11970,10056,72,67,DNge042,DNge042_R,acetylcholine,DNg100,DNg100_R
18752,10056,71,62,CL208,CL208_L,acetylcholine,DNg100,DNg100_R
519410,10056,71,66,DNp34,DNp34_R,acetylcholine,DNg100,DNg100_R
10440,10056,70,64,DNg16,DNg16_R,acetylcholine,DNg100,DNg100_R
513541,10056,69,59,CL208,CL208_L,acetylcholine,DNg100,DNg100_R
14169,10056,68,60,GNG575,GNG575_L,glutamate,DNg100,DNg100_R
13633,10056,67,64,DNg43,DNg43_L,acetylcholine,DNg100,DNg100_R
13805,10056,65,51,DNg97,DNg97_L,acetylcholine,DNg100,DNg100_R
524426,10056,65,58,GNG586,GNG586_L,gaba,DNg100,DNg100_R
10177,10056,64,52,DNg16,DNg16_L,acetylcholine,DNg100,DNg100_R
14156,10056,64,58,GNG523,GNG523_L,glutamate,DNg100,DNg100_R
49679,10056,64,51,CB4105,CB4105_R,acetylcholine,DNg100,DNg100_R
520617,10056,64,59,SIP024,SIP024_L,acetylcholine,DNg100,DNg100_R
10987,10056,62,53,CL311,CL311_R,acetylcholine,DNg100,DNg100_R
14296,10056,62,57,GNG523,GNG523_R,glutamate,DNg100,DNg100_R
11413,10056,60,56,VES088,VES088_R,acetylcholine,DNg100,DNg100_R
29973,10056,58,50,CL208,CL208_R,acetylcholine,DNg100,DNg100_R
525452,10056,57,49,AVLP710m,AVLP710m_L,gaba,DNg100,DNg100_R
11311,10056,56,46,CL248,CL248_R,gaba,DNg100,DNg100_R
28229,10056,56,53,GNG290,GNG290_L,gaba,DNg100,DNg100_R
33335,10056,56,48,DNpe024,DNpe024(CL325)_L,acetylcholine,DNg100,DNg100_R
521126,10056,55,48,CL248,CL248_L,gaba,DNg100,DNg100_R
22214,10056,52,40,CB4105,CB4105_L,acetylcholine,DNg100,DNg100_R
60694,10056,52,43,CL210_a,CL210_a_L,acetylcholine,DNg100,DNg100_R
230783,10056,51,42,DNg97,DNg97_R,acetylcholine,DNg100,DNg100_R
519705,10056,50,43,VES104,VES104_R,gaba,DNg100,DNg100_R
14256,10056,49,47,GNG575,GNG575_R,glutamate,DNg100,DNg100_R
35104,10056,49,43,CL210_a,CL210_a_R,acetylcholine,DNg100,DNg100_R
530982,10056,49,43,CL208,CL208_R,acetylcholine,DNg100,DNg100_R
10487,10056,47,42,CL311,CL311_L,acetylcholine,DNg100,DNg100_R
514195,10056,46,39,CL212,CL212_R,acetylcholine,DNg100,DNg100_R
10842,10056,45,41,CB0429,CB0429_L,acetylcholine,DNg100,DNg100_R
37250,10056,44,37,SIP024,SIP024_L,acetylcholine,DNg100,DNg100_R
10131,10056,43,40,DNg74_a,DNg74_a_R,gaba,DNg100,DNg100_R
10243,10056,43,37,VES104,VES104_L,gaba,DNg100,DNg100_R
14950,10056,43,42,ANXXX094,ANXXX094_L,acetylcholine,DNg100,DNg100_R
18849,10056,43,39,SIP024,SIP024_R,acetylcholine,DNg100,DNg100_R
11980,10056,42,35,AVLP491,AVLP491_L,acetylcholine,DNg100,DNg100_R
25910,10056,42,34,SMP469,SMP469_R,acetylcholine,DNg100,DNg100_R
12988,10056,39,34,VES088,VES088_L,acetylcholine,DNg100,DNg100_R
158549,10056,38,34,SMP461,SMP461_R,acetylcholine,DNg100,DNg100_R
14291,10056,37,33,GNG575,GNG575_R,glutamate,DNg100,DNg100_R
520816,10056,37,31,GNG298,GNG298_M,gaba,DNg100,DNg100_R
11263,10056,36,34,CL212,CL212_L,acetylcholine,DNg100,DNg100_R
26193,10056,36,33,CB4231,CB4231_L,acetylcholine,DNg100,DNg100_R
520064,10056,36,32,CL210_a,CL210_a_R,acetylcholine,DNg100,DNg100_R
521197,10056,36,33,DNp56,DNp56(VES055)_R,acetylcholine,DNg100,DNg100_R
94243,10056,35,31,AN08B100,AN08B100(89420)_L,acetylcholine,DNg100,DNg100_R
115463,10056,35,32,SMP461,SMP461_R,acetylcholine,DNg100,DNg100_R
11425,10056,34,29,CB0429,CB0429_R,acetylcholine,DNg100,DNg100_R
12321,10056,34,29,SMP456,SMP456_R,acetylcholine,DNg100,DNg100_R
12720,10056,34,27,GNG344,GNG344_M,gaba,DNg100,DNg100_R
10333,10056,33,31,PS306,PS306_R,gaba,DNg100,DNg100_R
17322,10056,32,30,AN27X016,AN27X016_R,glutamate,DNg100,DNg100_R
10192,10056,31,28,DNg75,DNg75(hb1874217622)_L,acetylcholine,DNg100,DNg100_R
35781,10056,31,27,CL210_a,CL210_a_L,acetylcholine,DNg100,DNg100_R
520300,10056,31,29,DNg75,DNg75(hb1874217622)_R,acetylcholine,DNg100,DNg100_R
521219,10056,31,25,CB0316,CB0316_L,acetylcholine,DNg100,DNg100_R
10471,10056,30,25,GNG118,GNG118_L,glutamate,DNg100,DNg100_R
39880,10056,30,30,IN27X001,IN27X001_L,gaba,DNg100,DNg100_R
581131,10056,30,25,PS306,PS306_L,gaba,DNg100,DNg100_R
11920,10056,28,19,GNG587,GNG587_L,acetylcholine,DNg100,DNg100_R
519229,10056,28,25,GNG290,GNG290_R,gaba,DNg100,DNg100_R
13374,10056,27,21,AVLP491,AVLP491_R,acetylcholine,DNg100,DNg100_R
42886,10056,27,25,SMP461,SMP461_L,acetylcholine,DNg100,DNg100_R
12043,10056,26,23,DNg102,DNg102_R,gaba,DNg100,DNg100_R
12044,10056,26,17,DNb08,DNb08(VES082)_R,acetylcholine,DNg100,DNg100_R
12136,10056,26,26,DNg102,DNg102_L,gaba,DNg100,DNg100_R
13327,10056,26,23,VES005,VES005_R,acetylcholine,DNg100,DNg100_R
16897,10056,26,23,AN04B003,AN04B003(16897)_R,acetylcholine,DNg100,DNg100_R
516974,10056,26,22,CB4105,CB4105_L,acetylcholine,DNg100,DNg100_R
521191,10056,26,23,VES005,VES005_L,acetylcholine,DNg100,DNg100_R
557988,10056,26,25,CB3441,CB3441_R,acetylcholine,DNg100,DNg100_R
10872,10056,25,22,CB0677,CB0677_L,gaba,DNg100,DNg100_R
12854,10056,25,20,CB0609,CB0609_R,gaba,DNg100,DNg100_R
14976,10056,25,22,ANXXX094,ANXXX094_R,acetylcholine,DNg100,DNg100_R
22090,10056,25,22,AN27X016,AN27X016_L,glutamate,DNg100,DNg100_R
29445,10056,25,24,CB0609,CB0609_L,gaba,DNg100,DNg100_R
10247,10056,24,22,DNg74_a,DNg74_a_L,gaba,DNg100,DNg100_R
10301,10056,24,20,DNge050,DNge050_L,acetylcholine,DNg100,DNg100_R
11652,10056,24,21,GNG584,GNG584_R,gaba,DNg100,DNg100_R
12075,10056,24,21,DNb08,DNb08(VES083)_R,acetylcholine,DNg100,DNg100_R
93503,10056,24,21,CB3441,CB3441_L,acetylcholine,DNg100,DNg100_R
515308,10056,24,21,GNG554,GNG554_R,glutamate,DNg100,DNg100_R
521377,10056,24,19,DNpe024,DNpe024(CL325)_R,acetylcholine,DNg100,DNg100_R
17788,10056,23,21,AN10B021,AN10B021_R,acetylcholine,DNg100,DNg100_R
155303,10056,23,21,,,acetylcholine,DNg100,DNg100_R
10710,10056,22,22,DNg102,DNg102_R,gaba,DNg100,DNg100_R
12891,10056,22,17,SMP456,SMP456_L,acetylcholine,DNg100,DNg100_R
19316,10056,22,19,VES065,VES065_L,acetylcholine,DNg100,DNg100_R
23009,10056,22,19,VES020,VES020_L,gaba,DNg100,DNg100_R
517410,10056,22,19,,,gaba,DNg100,DNg100_R
18940,10056,21,18,AN05B006,AN05B006_L,gaba,DNg100,DNg100_R
11484,10056,20,15,GNG107,GNG107_L,gaba,DNg100,DNg100_R
12189,10056,20,18,DNb08,DNb08(VES083)_L,acetylcholine,DNg100,DNg100_R
15696,10056,20,17,GNG554,GNG554_L,glutamate,DNg100,DNg100_R
44917,10056,20,17,ANXXX037,ANXXX037_L,acetylcholine,DNg100,DNg100_R
55504,10056,20,19,SIP024,SIP024_R,acetylcholine,DNg100,DNg100_R
104087,10056,20,20,SMP461,SMP461_L,acetylcholine,DNg100,DNg100_R
10935,10056,19,16,GNG011,GNG011_L,gaba,DNg100,DNg100_R
11231,10056,19,16,GNG107,GNG107_R,gaba,DNg100,DNg100_R
12214,10056,19,19,DNg109,DNg109_R,acetylcholine,DNg100,DNg100_R
12683,10056,19,18,VES048,VES048_R,glutamate,DNg100,DNg100_R
14719,10056,19,16,IB061,IB061_L,acetylcholine,DNg100,DNg100_R
35261,10056,19,13,VES020,VES020_R,gaba,DNg100,DNg100_R
50985,10056,19,18,CB4231,CB4231_R,acetylcholine,DNg100,DNg100_R
12610,10056,18,18,DNg102,DNg102_L,gaba,DNg100,DNg100_R
89420,10056,18,13,AN08B100,AN08B100(89420)_R,acetylcholine,DNg100,DNg100_R
519569,10056,18,14,CL210_a,CL210_a_L,acetylcholine,DNg100,DNg100_R
522432,10056,18,16,DNp56,DNp56(VES055)_L,acetylcholine,DNg100,DNg100_R
529259,10056,18,16,GNG345,GNG345_R,gaba,DNg100,DNg100_R
10545,10056,17,17,AN06B009,AN06B009(hb1687321237)_R,gaba,DNg100,DNg100_R
10997,10056,17,16,AN06B009,AN06B009_L,gaba,DNg100,DNg100_R
12550,10056,17,14,DNb08,DNb08(VES082)_L,acetylcholine,DNg100,DNg100_R
13519,10056,17,14,GNG701m,GNG701m_R,unclear,DNg100,DNg100_R
20344,10056,17,13,AN08B026,AN08B026_L,acetylcholine,DNg100,DNg100_R
516329,10056,17,12,VES065,VES065_R,acetylcholine,DNg100,DNg100_R
10489,10056,16,15,GNG502,GNG502_R,gaba,DNg100,DNg100_R
15156,10056,16,14,DNge147,DNge147_R,acetylcholine,DNg100,DNg100_R
15326,10056,16,14,DNg109,DNg109_L,acetylcholine,DNg100,DNg100_R
19227,10056,16,13,AN08B069,AN08B069_L,acetylcholine,DNg100,DNg100_R
22169,10056,16,12,IB062,IB062_R,acetylcholine,DNg100,DNg100_R
58254,10056,16,13,VES077,VES077_R,acetylcholine,DNg100,DNg100_R
524088,10056,16,14,SMP461,SMP461_L,acetylcholine,DNg100,DNg100_R
558897,10056,16,12,GNG584,GNG584_L,gaba,DNg100,DNg100_R
10215,10056,15,13,CB0677,CB0677_R,gaba,DNg100,DNg100_R
10971,10056,15,11,DNa11,DNa11(VES008)_L,acetylcholine,DNg100,DNg100_R
11233,10056,15,13,DNa11,DNa11(VES008)_R,acetylcholine,DNg100,DNg100_R
12151,10056,15,11,DNge138,DNge138_M,unclear,DNg100,DNg100_R
14208,10056,15,12,GNG565,GNG565_R,gaba,DNg100,DNg100_R
14438,10056,15,15,LAL304m,LAL304m_L,acetylcholine,DNg100,DNg100_R
15032,10056,15,14,CB0086,CB0086_R,gaba,DNg100,DNg100_R
32102,10056,15,11,GNG297,GNG297_M,gaba,DNg100,DNg100_R
41144,10056,15,11,CB0477,CB0477_R,acetylcholine,DNg100,DNg100_R
521675,10056,15,12,AN05B006,AN05B006_R,gaba,DNg100,DNg100_R
10136,10056,14,13,PS304,PS304_L,gaba,DNg100,DNg100_R
10822,10056,14,13,DNge047,DNge047_R,unclear,DNg100,DNg100_R
11443,10056,14,12,AN04B003,AN04B003(11443)_R,acetylcholine,DNg100,DNg100_R
16289,10056,14,12,CB4105,CB4105_R,acetylcholine,DNg100,DNg100_R
17067,10056,14,13,GNG554,GNG554_R,glutamate,DNg100,DNg100_R
19043,10056,14,11,AN08B026,AN08B026_R,acetylcholine,DNg100,DNg100_R
19306,10056,14,11,GNG011,GNG011_R,gaba,DNg100,DNg100_R
28084,10056,14,13,AN05B095,AN05B095_R,acetylcholine,DNg100,DNg100_R
36316,10056,14,12,GNG134,GNG134_R,acetylcholine,DNg100,DNg100_R
46847,10056,14,13,GNG502,GNG502_L,gaba,DNg100,DNg100_R
90118,10056,14,12,AN08B100,AN08B100(90118)_L,acetylcholine,DNg100,DNg100_R
12410,10056,13,11,GNG034,GNG034_R,acetylcholine,DNg100,DNg100_R
13964,10056,13,12,,,acetylcholine,DNg100,DNg100_R
14385,10056,13,13,GNG118,GNG118_R,glutamate,DNg100,DNg100_R
14472,10056,13,8,PS355,PS355_L,gaba,DNg100,DNg100_R
14746,10056,13,11,LAL304m,LAL304m_L,acetylcholine,DNg100,DNg100_R
15079,10056,13,11,PS199,PS199_R,acetylcholine,DNg100,DNg100_R
18046,10056,13,11,VES077,VES077_L,acetylcholine,DNg100,DNg100_R
18069,10056,13,12,GNG602,GNG602_R,gaba,DNg100,DNg100_R
19386,10056,13,9,GNG345,GNG345_R,gaba,DNg100,DNg100_R
29527,10056,13,11,SMP110,SMP110_L,acetylcholine,DNg100,DNg100_R
513233,10056,13,13,VES048,VES048_L,glutamate,DNg100,DNg100_R
514310,10056,13,9,CB0297,CB0297_L,acetylcholine,DNg100,DNg100_R
515019,10056,13,12,GNG034,GNG034_L,acetylcholine,DNg100,DNg100_R
556600,10056,13,13,IB062,IB062_L,acetylcholine,DNg100,DNg100_R
10101,10056,12,12,PS100,PS100_R,gaba,DNg100,DNg100_R
10295,10056,12,10,DNg34,DNg34_L,unclear,DNg100,DNg100_R
11333,10056,12,9,GNG500,GNG500_L,glutamate,DNg100,DNg100_R
11528,10056,12,10,CL259,CL259_L,acetylcholine,DNg100,DNg100_R
12625,10056,12,12,GNG500,GNG500_R,glutamate,DNg100,DNg100_R
17713,10056,12,11,AN04B003,AN04B003(16897)_L,acetylcholine,DNg100,DNg100_R
19753,10056,12,8,AN23B003,AN23B003_L,acetylcholine,DNg100,DNg100_R
45127,10056,12,10,GNG565,GNG565_L,gaba,DNg100,DNg100_R
79634,10056,12,10,ANXXX037,ANXXX037_R,acetylcholine,DNg100,DNg100_R
256420,10056,12,10,DNge050,DNge050_R,acetylcholine,DNg100,DNg100_R
521305,10056,12,8,PS274,PS274_L,acetylcholine,DNg100,DNg100_R
10684,10056,11,8,WED185,WED185(hb2126870445)_M,gaba,DNg100,DNg100_R
10782,10056,11,9,IB061,IB061_R,acetylcholine,DNg100,DNg100_R
11632,10056,11,9,DNpe052,DNpe052(AVLP564)_R,acetylcholine,DNg100,DNg100_R
12563,10056,11,10,GNG134,GNG134_L,acetylcholine,DNg100,DNg100_R
14658,10056,11,10,PS355,PS355_R,gaba,DNg100,DNg100_R
15394,10056,11,10,DNge147,DNge147_L,acetylcholine,DNg100,DNg100_R
17361,10056,11,10,AN10B021,AN10B021_L,acetylcholine,DNg100,DNg100_R
18081,10056,11,10,LAL193,LAL193_R,acetylcholine,DNg100,DNg100_R
22950,10056,11,7,GNG345,GNG345_L,gaba,DNg100,DNg100_R
47802,10056,11,10,VES017,VES017_L,acetylcholine,DNg100,DNg100_R
520194,10056,11,8,PS304,PS304_R,gaba,DNg100,DNg100_R
529568,10056,11,8,DNp39,DNp39(PS297)_L,acetylcholine,DNg100,DNg100_R
534008,10056,11,11,VES020,VES020_R,gaba,DNg100,DNg100_R
801341,10056,11,9,AN19B032,AN19B032_L,acetylcholine,DNg100,DNg100_R
10590,10056,10,10,DNpe052,DNpe052(AVLP564)_L,acetylcholine,DNg100,DNg100_R
12635,10056,10,9,DNg19,DNg19_L,acetylcholine,DNg100,DNg100_R
13008,10056,10,9,DNge140,DNge140_L,acetylcholine,DNg100,DNg100_R
14076,10056,10,10,LAL193,LAL193_L,acetylcholine,DNg100,DNg100_R
14899,10056,10,9,AN05B006,AN05B006_L,gaba,DNg100,DNg100_R
16446,10056,10,9,AVLP015,AVLP015_L,glutamate,DNg100,DNg100_R
37554,10056,10,9,GNG307,GNG307_R,acetylcholine,DNg100,DNg100_R
82912,10056,10,9,IN17A051,IN17A051_L,acetylcholine,DNg100,DNg100_R
150442,10056,10,9,AN08B100,AN08B100_R,acetylcholine,DNg100,DNg100_R
199504,10056,10,9,IN17A037,IN17A037_L,acetylcholine,DNg100,DNg100_R
514988,10056,10,10,PS059,PS059_L,gaba,DNg100,DNg100_R
519567,10056,10,8,GNG104,GNG104_R,acetylcholine,DNg100,DNg100_R
521527,10056,10,10,LAL073,LAL073_L,glutamate,DNg100,DNg100_R
532942,10056,10,9,VES053,VES053_L,acetylcholine,DNg100,DNg100_R
10203,10056,9,8,PS100,PS100_L,gaba,DNg100,DNg100_R
10447,10056,9,7,DNge138,DNge138_M,unclear,DNg100,DNg100_R
11490,10056,9,8,LAL073,LAL073_R,glutamate,DNg100,DNg100_R
11542,10056,9,7,GNG351,GNG351_R,glutamate,DNg100,DNg100_R
11622,10056,9,9,CB0297,CB0297_R,acetylcholine,DNg100,DNg100_R
12590,10056,9,9,DNg22,DNg22_L,acetylcholine,DNg100,DNg100_R
13656,10056,9,8,AN04B003,AN04B003(11443)_L,acetylcholine,DNg100,DNg100_R
14498,10056,9,9,AN04B003,AN04B003(14379)_L,acetylcholine,DNg100,DNg100_R
15550,10056,9,8,ANXXX002,ANXXX002_L,gaba,DNg100,DNg100_R
17965,10056,9,7,VES098,VES098_R,gaba,DNg100,DNg100_R
188947,10056,9,7,DNg60,DNg60_R,gaba,DNg100,DNg100_R
516618,10056,9,7,PS199,PS199_L,acetylcholine,DNg100,DNg100_R
800126,10056,9,7,IN09A001,IN09A001_L,gaba,DNg100,DNg100_R
10041,10056,8,6,OA-VUMa1,OA-VUMa1_M,octopamine,DNg100,DNg100_R
13078,10056,8,7,GNG351,GNG351_R,glutamate,DNg100,DNg100_R
14846,10056,8,6,DNp39,DNp39(PS297)_R,acetylcholine,DNg100,DNg100_R
15118,10056,8,6,AVLP015,AVLP015_R,glutamate,DNg100,DNg100_R
21792,10056,8,8,SIP024,SIP024_R,acetylcholine,DNg100,DNg100_R
24700,10056,8,7,AN08B031,AN08B031_L,acetylcholine,DNg100,DNg100_R
31407,10056,8,7,AN05B095,AN05B095_L,acetylcholine,DNg100,DNg100_R
34332,10056,8,7,AN07B015,AN07B015_R,acetylcholine,DNg100,DNg100_R
39794,10056,8,7,ANXXX084,ANXXX084_R,acetylcholine,DNg100,DNg100_R
512468,10056,8,8,AN06B007,AN06B007_L,gaba,DNg100,DNg100_R
524137,10056,8,6,VES049,VES049_L,glutamate,DNg100,DNg100_R
10274,10056,7,6,DNg108,DNg108_L,gaba,DNg100,DNg100_R
10281,10056,7,5,DNg108,DNg108_R,gaba,DNg100,DNg100_R
11160,10056,7,5,DNd02,DNd02(SAD039)_L,unclear,DNg100,DNg100_R
11495,10056,7,7,PS059,PS059_R,gaba,DNg100,DNg100_R
11508,10056,7,7,AN02A001,AN02A001_L,glutamate,DNg100,DNg100_R
11706,10056,7,7,DNg111,DNg111(hb1573072464)_R,glutamate,DNg100,DNg100_R
12157,10056,7,6,CL333,CL333_R,acetylcholine,DNg100,DNg100_R
12453,10056,7,6,DNg50,DNg50_R,acetylcholine,DNg100,DNg100_R
12644,10056,7,6,PPM1201,PPM1201_L,dopamine,DNg100,DNg100_R
13100,10056,7,7,CL209,CL209_L,acetylcholine,DNg100,DNg100_R
13179,10056,7,5,GNG166,GNG166_L,glutamate,DNg100,DNg100_R
13215,10056,7,7,GNG512,GNG512_R,acetylcholine,DNg100,DNg100_R
15178,10056,7,5,CB0259,CB0259_R,acetylcholine,DNg100,DNg100_R
16931,10056,7,5,SAD073,SAD073_R,gaba,DNg100,DNg100_R
37363,10056,7,7,AN07B035,AN07B035_R,acetylcholine,DNg100,DNg100_R
40001,10056,7,7,DNge119,DNge119_L,glutamate,DNg100,DNg100_R
516204,10056,7,5,AN12B019,AN12B019_R,gaba,DNg100,DNg100_R
520721,10056,7,5,SMP471,SMP471_R,acetylcholine,DNg100,DNg100_R
524159,10056,7,7,PS011,PS011_L,acetylcholine,DNg100,DNg100_R
532944,10056,7,5,GNG553,GNG553_L,acetylcholine,DNg100,DNg100_R
558781,10056,7,7,GNG590,GNG590_L,gaba,DNg100,DNg100_R
802455,10056,7,7,INXXX008,INXXX008_R,unclear,DNg100,DNg100_R
805362,10056,7,7,AN27X011,AN27X011_L,acetylcholine,DNg100,DNg100_R
10185,10056,6,6,OA-VUMa8,OA-VUMa8_M,octopamine,DNg100,DNg100_R
10205,10056,6,5,GNG003,GNG003_M,gaba,DNg100,DNg100_R
10230,10056,6,4,SIP136m,SIP136m_R,acetylcholine,DNg100,DNg100_R
11222,10056,6,5,DNg111,DNg111(hb1573072464)_L,glutamate,DNg100,DNg100_R
11343,10056,6,4,SMP586,SMP586_R,acetylcholine,DNg100,DNg100_R
11588,10056,6,5,GNG590,GNG590_R,gaba,DNg100,DNg100_R
11834,10056,6,4,SIP091,SIP091_R,acetylcholine,DNg100,DNg100_R
11863,10056,6,4,GNG553,GNG553_R,acetylcholine,DNg100,DNg100_R
11915,10056,6,4,CL339,CL339_L,acetylcholine,DNg100,DNg100_R
11965,10056,6,5,DNge053,DNge053_R,acetylcholine,DNg100,DNg100_R
12860,10056,6,3,DNg44,DNg44_L,glutamate,DNg100,DNg100_R
13130,10056,6,5,DNg105,DNg105_R,gaba,DNg100,DNg100_R
13425,10056,6,5,VES010,VES010_R,gaba,DNg100,DNg100_R
13762,10056,6,5,PVLP201m_a,PVLP201m_a_L,acetylcholine,DNg100,DNg100_R
13829,10056,6,4,GNG307,GNG307_L,acetylcholine,DNg100,DNg100_R
14188,10056,6,5,LAL304m,LAL304m_R,acetylcholine,DNg100,DNg100_R
16294,10056,6,5,GNG582,GNG582_L,gaba,DNg100,DNg100_R
16725,10056,6,5,VES098,VES098_L,gaba,DNg100,DNg100_R
16938,10056,6,5,PS019,PS019_L,acetylcholine,DNg100,DNg100_R
17198,10056,6,2,DNge035,DNge035_R,acetylcholine,DNg100,DNg100_R
17792,10056,6,5,AN08B026,AN08B026_R,acetylcholine,DNg100,DNg100_R
19828,10056,6,6,v2LN37,v2LN37_R,glutamate,DNg100,DNg100_R
20216,10056,6,6,AN07B106,AN07B106_L,acetylcholine,DNg100,DNg100_R
20381,10056,6,6,VES020,VES020_L,gaba,DNg100,DNg100_R
20398,10056,6,3,AN01A033,AN01A033_R,acetylcholine,DNg100,DNg100_R
21354,10056,6,4,AN08B086,AN08B086_L,acetylcholine,DNg100,DNg100_R
21662,10056,6,6,AN07B106,AN07B106_R,acetylcholine,DNg100,DNg100_R
37032,10056,6,4,VES010,VES010_L,gaba,DNg100,DNg100_R
51385,10056,6,6,IB032,IB032_R,glutamate,DNg100,DNg100_R
63701,10056,6,6,DNd02,DNd02(SAD039)_R,unclear,DNg100,DNg100_R
72303,10056,6,4,GNG663,GNG663_L,gaba,DNg100,DNg100_R
103239,10056,6,4,SMP469,SMP469_L,acetylcholine,DNg100,DNg100_R
331721,10056,6,5,AN27X004,AN27X004_R,histamine,DNg100,DNg100_R
517236,10056,6,5,GNG567,GNG567_R,gaba,DNg100,DNg100_R
520188,10056,6,6,AVLP610,AVLP610(hb1416796844)_L,dopamine,DNg100,DNg100_R
522976,10056,6,5,VES076,VES076_L,acetylcholine,DNg100,DNg100_R
525595,10056,6,4,DNg52,DNg52_R,gaba,DNg100,DNg100_R
800424,10056,6,5,IN09A001,IN09A001_L,gaba,DNg100,DNg100_R
802289,10056,6,6,vMS17,vMS17_L,unclear,DNg100,DNg100_R
902349,10056,6,6,IN16B030,IN16B030_L,glutamate,DNg100,DNg100_R
10160,10056,5,4,DNg90,DNg90_L,gaba,DNg100,DNg100_R
10385,10056,5,5,GNG572,GNG572_R,unclear,DNg100,DNg100_R
10510,10056,5,4,GNG105,GNG105_L,acetylcholine,DNg100,DNg100_R
10584,10056,5,4,DNp06,DNp06_R,acetylcholine,DNg100,DNg100_R
10783,10056,5,5,DNp09,DNp09_L,acetylcholine,DNg100,DNg100_R
11142,10056,5,4,PS059,PS059_R,gaba,DNg100,DNg100_R
11419,10056,5,4,WED195,WED195(hb5813023473)_L,gaba,DNg100,DNg100_R
11657,10056,5,4,DNpe005,DNpe005(WED123)_L,acetylcholine,DNg100,DNg100_R
11723,10056,5,4,SMP163,SMP163_R,gaba,DNg100,DNg100_R
12093,10056,5,4,GNG579,GNG579_R,gaba,DNg100,DNg100_R
12380,10056,5,5,CL333,CL333_L,acetylcholine,DNg100,DNg100_R
12516,10056,5,4,DNge047,DNge047_L,unclear,DNg100,DNg100_R
13236,10056,5,3,MeVP60,MeVP60_L,glutamate,DNg100,DNg100_R
14399,10056,5,4,DNpe028,DNpe028(IB046)_R,acetylcholine,DNg100,DNg100_R
14894,10056,5,5,SMP471,SMP471_L,acetylcholine,DNg100,DNg100_R
15754,10056,5,5,GNG579,GNG579_L,gaba,DNg100,DNg100_R
16370,10056,5,4,GNG166,GNG166_R,glutamate,DNg100,DNg100_R
17206,10056,5,4,AN08B026,AN08B026_L,acetylcholine,DNg100,DNg100_R
18424,10056,5,3,GNG194,GNG194_R,gaba,DNg100,DNg100_R
18679,10056,5,5,AN08B026,AN08B026_R,acetylcholine,DNg100,DNg100_R
22480,10056,5,3,AN18B019,AN18B019_L,acetylcholine,DNg100,DNg100_R
23621,10056,5,4,LAL025,LAL025_L,acetylcholine,DNg100,DNg100_R
25638,10056,5,4,VES020,VES020_R,gaba,DNg100,DNg100_R
39172,10056,5,4,IB032,IB032_L,glutamate,DNg100,DNg100_R
70088,10056,5,4,,,gaba,DNg100,DNg100_R
512751,10056,5,5,DNge105,DNge105_R,acetylcholine,DNg100,DNg100_R
516652,10056,5,5,VES200m,VES200m_L,glutamate,DNg100,DNg100_R
519228,10056,5,5,DNae005,DNae005(VES009)_L,acetylcholine,DNg100,DNg100_R
520065,10056,5,3,CL209,CL209_R,acetylcholine,DNg100,DNg100_R
521763,10056,5,3,CL339,CL339_R,acetylcholine,DNg100,DNg100_R
522823,10056,5,4,PPM1201,PPM1201_L,dopamine,DNg100,DNg100_R
524156,10056,5,5,ANXXX084,ANXXX084_L,acetylcholine,DNg100,DNg100_R
531644,10056,5,4,ANXXX084,ANXXX084_L,acetylcholine,DNg100,DNg100_R
556702,10056,5,5,GNG119,GNG119_L,gaba,DNg100,DNg100_R
570381,10056,5,4,SMP110,SMP110_R,acetylcholine,DNg100,DNg100_R
800153,10056,5,5,IN09A001,IN09A001_L,gaba,DNg100,DNg100_R
800276,10056,5,4,IN14A002,IN14A002_R,glutamate,DNg100,DNg100_R
801347,10056,5,5,INXXX008,INXXX008_R,unclear,DNg100,DNg100_R
923203,10056,5,5,DNpe005,DNpe005(WED123)_R,acetylcholine,DNg100,DNg100_R
928257,10056,5,5,AN08B031,AN08B031_R,acetylcholine,DNg100,DNg100_R
10050,10056,4,4,5-HTPMPV03,5-HTPMPV03_R,serotonin,DNg100,DNg100_R
10213,10056,4,3,DNge083,DNge083_R,glutamate,DNg100,DNg100_R
10507,10056,4,4,GNG701m,GNG701m_L,unclear,DNg100,DNg100_R
10520,10056,4,2,DNg74_b,DNg74_b_L,gaba,DNg100,DNg100_R
10652,10056,4,4,OA-AL2i4,OA-AL2i4_L,octopamine,DNg100,DNg100_R
10717,10056,4,2,DNg93,DNg93_R,gaba,DNg100,DNg100_R
10930,10056,4,3,pMP2,pMP2_L,acetylcholine,DNg100,DNg100_R
11228,10056,4,4,GNG112,GNG112_L,acetylcholine,DNg100,DNg100_R
11268,10056,4,4,CL319,CL319_L,acetylcholine,DNg100,DNg100_R
11361,10056,4,4,CL367,CL367(hb1506382974)_R,gaba,DNg100,DNg100_R
11365,10056,4,1,DNbe007,DNbe007(VES042)_R,acetylcholine,DNg100,DNg100_R
12249,10056,4,3,DNg104,DNg104_L,unclear,DNg100,DNg100_R
12512,10056,4,1,DNge010,DNge010_R,acetylcholine,DNg100,DNg100_R
12673,10056,4,3,AN06B011,AN06B011_L,acetylcholine,DNg100,DNg100_R
12777,10056,4,4,GNG572,GNG572_L,unclear,DNg100,DNg100_R
13241,10056,4,3,VES017,VES017_R,acetylcholine,DNg100,DNg100_R
13585,10056,4,3,DNg34,DNg34_R,unclear,DNg100,DNg100_R
13901,10056,4,3,AN27X015,AN27X015_L,glutamate,DNg100,DNg100_R
13952,10056,4,2,DNg63,DNg63_L,acetylcholine,DNg100,DNg100_R
17288,10056,4,2,PVLP200m_b,PVLP200m_b_L,acetylcholine,DNg100,DNg100_R
17352,10056,4,4,VES076,VES076_R,acetylcholine,DNg100,DNg100_R
17736,10056,4,3,PVLP200m_a,PVLP200m_a_L,acetylcholine,DNg100,DNg100_R
21527,10056,4,4,AN19B010,AN19B010_L,acetylcholine,DNg100,DNg100_R
22006,10056,4,3,GNG602,GNG602_L,gaba,DNg100,DNg100_R
23165,10056,4,4,SAD101,SAD101_M,gaba,DNg100,DNg100_R
23685,10056,4,2,ANXXX132,ANXXX132_L,acetylcholine,DNg100,DNg100_R
24254,10056,4,3,GNG466,GNG466_R,gaba,DNg100,DNg100_R
29860,10056,4,4,PS049,PS049_R,gaba,DNg100,DNg100_R
33905,10056,4,4,AN07B015,AN07B015_L,acetylcholine,DNg100,DNg100_R
35942,10056,4,4,CRE104,CRE104_L,acetylcholine,DNg100,DNg100_R
36102,10056,4,4,DNge136,DNge136_L,gaba,DNg100,DNg100_R
40877,10056,4,4,ANXXX005,ANXXX005_L,unclear,DNg100,DNg100_R
41598,10056,4,4,ANXXX084,ANXXX084_R,acetylcholine,DNg100,DNg100_R
45311,10056,4,4,ANXXX084,ANXXX084_L,acetylcholine,DNg100,DNg100_R
49010,10056,4,4,ICL006m,ICL006m_R,glutamate,DNg100,DNg100_R
64315,10056,4,3,ANXXX084,ANXXX084_R,acetylcholine,DNg100,DNg100_R
73217,10056,4,3,GNG345,GNG345_L,gaba,DNg100,DNg100_R
112937,10056,4,3,GNG603,GNG603_L,gaba,DNg100,DNg100_R
312712,10056,4,4,DNde003,DNde003(LAL107)_L,acetylcholine,DNg100,DNg100_R
511776,10056,4,3,LAL084,LAL084_R,glutamate,DNg100,DNg100_R
513865,10056,4,2,SMP469,SMP469_R,acetylcholine,DNg100,DNg100_R
514591,10056,4,2,GNG491,GNG491_L,acetylcholine,DNg100,DNg100_R
518319,10056,4,1,IB032,IB032_L,glutamate,DNg100,DNg100_R
518326,10056,4,3,GNG663,GNG663_L,gaba,DNg100,DNg100_R
519337,10056,4,3,DNge120,DNge120_R,glutamate,DNg100,DNg100_R
519454,10056,4,2,WED210,WED210_L,acetylcholine,DNg100,DNg100_R
524083,10056,4,4,AN12B019,AN12B019_L,gaba,DNg100,DNg100_R
525454,10056,4,3,DNg74_b,DNg74_b_R,gaba,DNg100,DNg100_R
555238,10056,4,3,GNG572,GNG572_R,unclear,DNg100,DNg100_R
555759,10056,4,4,GNG505,GNG505_R,glutamate,DNg100,DNg100_R
556286,10056,4,3,DNp32,DNp32_L,unclear,DNg100,DNg100_R
559141,10056,4,4,CB0625,CB0625_L,gaba,DNg100,DNg100_R
800434,10056,4,2,IN09A002,IN09A002_L,gaba,DNg100,DNg100_R
920231,10056,4,3,GNG603,GNG603_R,gaba,DNg100,DNg100_R
10063,10056,3,3,DNp27,DNp27_R,acetylcholine,DNg100,DNg100_R
10110,10056,3,3,OA-VUMa1,OA-VUMa1_M,octopamine,DNg100,DNg100_R
10127,10056,3,2,VES064,VES064_L,glutamate,DNg100,DNg100_R
10159,10056,3,3,GNG702m,GNG702m_L,unclear,DNg100,DNg100_R
10168,10056,3,3,OA-VUMa6,OA-VUMa6(OA-VUMa7)_M,octopamine,DNg100,DNg100_R
10210,10056,3,3,LAL074,LAL074_R,glutamate,DNg100,DNg100_R
10800,10056,3,2,DNbe007,DNbe007(VES042)_L,acetylcholine,DNg100,DNg100_R
10833,10056,3,3,DNge062,DNge062_R,acetylcholine,DNg100,DNg100_R
10919,10056,3,2,VES064,VES064_R,glutamate,DNg100,DNg100_R
11127,10056,3,1,DNge059,DNge059_L,acetylcholine,DNg100,DNg100_R
11178,10056,3,2,SIP091,SIP091_L,acetylcholine,DNg100,DNg100_R
11427,10056,3,2,DNge101,DNge101_R,gaba,DNg100,DNg100_R
11466,10056,3,2,DNge149,DNge149_M,unclear,DNg100,DNg100_R
11505,10056,3,2,DNp54,DNp54(PS163)_R,gaba,DNg100,DNg100_R
11625,10056,3,3,DNae005,DNae005(VES009)_R,acetylcholine,DNg100,DNg100_R
11779,10056,3,2,LAL190,LAL190_L,acetylcholine,DNg100,DNg100_R
12194,10056,3,3,VES075,VES075_R,acetylcholine,DNg100,DNg100_R
12268,10056,3,3,GNG143,GNG143_R,acetylcholine,DNg100,DNg100_R
12292,10056,3,2,PS274,PS274_R,acetylcholine,DNg100,DNg100_R
12335,10056,3,3,AN06B007,AN06B007_L,gaba,DNg100,DNg100_R
12360,10056,3,1,VES108,VES108_L,acetylcholine,DNg100,DNg100_R
12368,10056,3,2,VES075,VES075_L,acetylcholine,DNg100,DNg100_R
12435,10056,3,0,DNp67,DNp67(CL139)_R,acetylcholine,DNg100,DNg100_R
12933,10056,3,1,AN08B014,AN08B014_L,acetylcholine,DNg100,DNg100_R
12995,10056,3,2,DNde003,DNde003(LAL106)_R,acetylcholine,DNg100,DNg100_R
13158,10056,3,2,VES056,VES056_L,acetylcholine,DNg100,DNg100_R
13247,10056,3,2,PVLP203m,PVLP203m_R,acetylcholine,DNg100,DNg100_R
13268,10056,3,3,DNg52,DNg52_R,gaba,DNg100,DNg100_R
13282,10056,3,2,CB0647,CB0647_L,acetylcholine,DNg100,DNg100_R
13337,10056,3,1,AN08B020,AN08B020_L,acetylcholine,DNg100,DNg100_R
13377,10056,3,1,DNg86,DNg86_L,unclear,DNg100,DNg100_R
13382,10056,3,2,GNG112,GNG112_R,acetylcholine,DNg100,DNg100_R
13618,10056,3,2,CB0285,CB0285_R,acetylcholine,DNg100,DNg100_R
13795,10056,3,2,DNge100,DNge100_R,acetylcholine,DNg100,DNg100_R
13945,10056,3,0,PVLP203m,PVLP203m_R,acetylcholine,DNg100,DNg100_R
14127,10056,3,3,PS171,PS171_R,acetylcholine,DNg100,DNg100_R
14234,10056,3,1,DNg64,DNg64_L,gaba,DNg100,DNg100_R
14264,10056,3,3,DNde003,DNde003(LAL107)_R,acetylcholine,DNg100,DNg100_R
14387,10056,3,2,DNge151,DNge151_M,unclear,DNg100,DNg100_R
14664,10056,3,3,CB0079,CB0079_R,gaba,DNg100,DNg100_R
14804,10056,3,3,DNg63,DNg63_R,acetylcholine,DNg100,DNg100_R
14936,10056,3,3,DNge052,DNge052_R,gaba,DNg100,DNg100_R
15307,10056,3,3,MeVP60,MeVP60_R,glutamate,DNg100,DNg100_R
15836,10056,3,3,GNG498,GNG498_L,glutamate,DNg100,DNg100_R
16746,10056,3,2,DNge064,DNge064_L,glutamate,DNg100,DNg100_R
17090,10056,3,3,GNG190,GNG190_R,unclear,DNg100,DNg100_R
17097,10056,3,2,AN06B007,AN06B007_R,gaba,DNg100,DNg100_R
17231,10056,3,1,AN08B027,AN08B027_R,acetylcholine,DNg100,DNg100_R
18366,10056,3,2,AN12B019,AN12B019(18366)_L,gaba,DNg100,DNg100_R
19090,10056,3,3,AN07B037_a,AN07B037_a_R,acetylcholine,DNg100,DNg100_R
20349,10056,3,2,AMMC017,AMMC017_L,acetylcholine,DNg100,DNg100_R
20451,10056,3,3,VES097,VES097_R,gaba,DNg100,DNg100_R
20691,10056,3,3,AN08B069,AN08B069_R,acetylcholine,DNg100,DNg100_R
22092,10056,3,3,SAD101,SAD101_M,gaba,DNg100,DNg100_R
23135,10056,3,3,CB4231,CB4231_R,acetylcholine,DNg100,DNg100_R
23153,10056,3,3,PS141,PS141(PS147)_L,glutamate,DNg100,DNg100_R
23167,10056,3,2,,,gaba,DNg100,DNg100_R
26332,10056,3,3,CB4101,CB4101_L,acetylcholine,DNg100,DNg100_R
30016,10056,3,3,AN07B013,AN07B013_R,glutamate,DNg100,DNg100_R
33710,10056,3,2,AN10B024,AN10B024_R,acetylcholine,DNg100,DNg100_R
48824,10056,3,3,AN19B010,AN19B010_L,acetylcholine,DNg100,DNg100_R
53161,10056,3,2,IB032,IB032_R,glutamate,DNg100,DNg100_R
59170,10056,3,1,VES049,VES049_L,glutamate,DNg100,DNg100_R
63848,10056,3,3,CL210_a,CL210_a_R,acetylcholine,DNg100,DNg100_R
84967,10056,3,1,CB4101,CB4101_L,acetylcholine,DNg100,DNg100_R
87725,10056,3,3,CB4094,CB4094_R,acetylcholine,DNg100,DNg100_R
92534,10056,3,3,AN08B100,AN08B100(90118)_R,acetylcholine,DNg100,DNg100_R
513057,10056,3,2,DNge046,DNge046_L,gaba,DNg100,DNg100_R
513058,10056,3,2,VES053,VES053_R,acetylcholine,DNg100,DNg100_R
519143,10056,3,2,SMP470,SMP470_L,acetylcholine,DNg100,DNg100_R
519399,10056,3,2,PS059,PS059_L,gaba,DNg100,DNg100_R
519630,10056,3,3,GNG505,GNG505_L,glutamate,DNg100,DNg100_R
520177,10056,3,3,AN05B097,AN05B097_L,acetylcholine,DNg100,DNg100_R
521929,10056,3,3,PRW012,PRW012_R,acetylcholine,DNg100,DNg100_R
522345,10056,3,1,DNpe037,DNpe037(CL338)_L,acetylcholine,DNg100,DNg100_R
523772,10056,3,2,LAL016,LAL016_L,acetylcholine,DNg100,DNg100_R
532907,10056,3,3,CB0285,CB0285_L,acetylcholine,DNg100,DNg100_R
800062,10056,3,2,IN06B001,IN06B001_L,gaba,DNg100,DNg100_R
800063,10056,3,3,IN12B002,IN12B002_R,gaba,DNg100,DNg100_R
800480,10056,3,2,IN21A014,IN21A014_L,glutamate,DNg100,DNg100_R
800904,10056,3,1,IN01A016,IN01A016_R,acetylcholine,DNg100,DNg100_R
801186,10056,3,3,INXXX008,INXXX008_L,unclear,DNg100,DNg100_R
802236,10056,3,3,IN16B030,IN16B030_L,glutamate,DNg100,DNg100_R
810450,10056,3,0,IN20A.22A086,IN20A.22A086_L,acetylcholine,DNg100,DNg100_R
906020,10056,3,2,ANXXX145,ANXXX145_L,acetylcholine,DNg100,DNg100_R
906686,10056,3,3,INXXX045,INXXX045_L,unclear,DNg100,DNg100_R
160324150,10056,3,3,AN07B070,AN07B070_R,acetylcholine,DNg100,DNg100_R
10090,10056,2,1,aSP22,aSP22(DNa12)_L,acetylcholine,DNg100,DNg100_R
10100,10056,2,1,LoVCLo3,LoVCLo3_R,octopamine,DNg100,DNg100_R
10175,10056,2,2,OA-VUMa6,OA-VUMa6(OA-VUMa7)_M,octopamine,DNg100,DNg100_R
10184,10056,2,1,CL366,CL366_L,gaba,DNg100,DNg100_R
10195,10056,2,0,DNp29,DNp29(NPFP1)_R,unclear,DNg100,DNg100_R
10207,10056,2,1,PS124,PS124_L,acetylcholine,DNg100,DNg100_R
10278,10056,2,2,5-HTPMPV03,5-HTPMPV03_L,serotonin,DNg100,DNg100_R
10328,10056,2,1,SMP709m,SMP709m_R,acetylcholine,DNg100,DNg100_R
10368,10056,2,1,CRE004,CRE004_L,acetylcholine,DNg100,DNg100_R
10425,10056,2,1,DNp10,DNp10_L,acetylcholine,DNg100,DNg100_R
10490,10056,2,0,GNG671,GNG671_M,unclear,DNg100,DNg100_R
10558,10056,2,1,DNp35,DNp35(PVLP136)_R,acetylcholine,DNg100,DNg100_R
10559,10056,2,2,GNG106,GNG106_L,acetylcholine,DNg100,DNg100_R
10617,10056,2,2,GNG105,GNG105_R,acetylcholine,DNg100,DNg100_R
10852,10056,2,2,LoVC18,"LoVC18(PLP030,PLP031)_L",dopamine,DNg100,DNg100_R
10873,10056,2,1,DNg39,DNg39_R,acetylcholine,DNg100,DNg100_R
10892,10056,2,1,PS278,PS278_R,glutamate,DNg100,DNg100_R
10923,10056,2,1,DNg40,DNg40(hb5813056435)_R,glutamate,DNg100,DNg100_R
10988,10056,2,2,AVLP712m,AVLP712m_R,glutamate,DNg100,DNg100_R
11028,10056,2,1,DNb09,DNb09(DNb01)_L,glutamate,DNg100,DNg100_R
11116,10056,2,2,pIP10,pIP10_R,acetylcholine,DNg100,DNg100_R
11194,10056,2,2,VES059,VES059_R,acetylcholine,DNg100,DNg100_R
11198,10056,2,2,DNg19,DNg19_R,acetylcholine,DNg100,DNg100_R
11214,10056,2,2,LoVC22,LoVC22_L,dopamine,DNg100,DNg100_R
11232,10056,2,1,DNde003,DNde003(LAL106)_L,acetylcholine,DNg100,DNg100_R
11246,10056,2,2,DNbe006,DNbe006_L,acetylcholine,DNg100,DNg100_R
11258,10056,2,2,DNd05,DNd05(CL124)_L,acetylcholine,DNg100,DNg100_R
11336,10056,2,2,GNG589,GNG589_L,glutamate,DNg100,DNg100_R
11575,10056,2,0,DNge049,DNge049_R,acetylcholine,DNg100,DNg100_R
11613,10056,2,1,DNp45,DNp45(PVLP117)_L,acetylcholine,DNg100,DNg100_R
11924,10056,2,2,LAL304m,LAL304m_R,acetylcholine,DNg100,DNg100_R
11932,10056,2,2,GNG119,GNG119_R,gaba,DNg100,DNg100_R
11986,10056,2,2,DNge018,DNge018_L,acetylcholine,DNg100,DNg100_R
12115,10056,2,1,GNG638,GNG638_L,gaba,DNg100,DNg100_R
12138,10056,2,2,GNG160,GNG160_R,glutamate,DNg100,DNg100_R
12223,10056,2,1,DNpe027,DNpe027(PS166)_R,acetylcholine,DNg100,DNg100_R
12378,10056,2,2,DNge007,DNge007_R,acetylcholine,DNg100,DNg100_R
12422,10056,2,2,DNge100,DNge100_L,acetylcholine,DNg100,DNg100_R
12429,10056,2,2,LAL190,LAL190_R,acetylcholine,DNg100,DNg100_R
12526,10056,2,2,GNG535,GNG535_R,acetylcholine,DNg100,DNg100_R
12580,10056,2,1,GNG007,GNG007_M,gaba,DNg100,DNg100_R
12700,10056,2,2,AN06B011,AN06B011_R,acetylcholine,DNg100,DNg100_R
12725,10056,2,2,GNG509,GNG509_L,acetylcholine,DNg100,DNg100_R
13025,10056,2,1,ICL002m,ICL002m_R,acetylcholine,DNg100,DNg100_R
13044,10056,2,1,VES067,VES067_R,acetylcholine,DNg100,DNg100_R
13245,10056,2,0,DNp46,DNp46(CL206)_R,acetylcholine,DNg100,DNg100_R
13489,10056,2,2,AN08B018,AN08B018_c_L,acetylcholine,DNg100,DNg100_R
13759,10056,2,2,DNge010,DNge010_L,acetylcholine,DNg100,DNg100_R
13810,10056,2,1,CL260,CL260_L,acetylcholine,DNg100,DNg100_R
13844,10056,2,2,GNG122,GNG122_R,acetylcholine,DNg100,DNg100_R
13864,10056,2,0,VES011,VES011_L,acetylcholine,DNg100,DNg100_R
14016,10056,2,0,AN08B020,AN08B020_R,acetylcholine,DNg100,DNg100_R
14072,10056,2,0,VES204m,VES204m_R,acetylcholine,DNg100,DNg100_R
14093,10056,2,2,LAL099,LAL099_L,gaba,DNg100,DNg100_R
14249,10056,2,2,DNge077,DNge077_L,acetylcholine,DNg100,DNg100_R
14469,10056,2,2,AN10B018,AN10B018_R,acetylcholine,DNg100,DNg100_R
14516,10056,2,1,GNG559,GNG559_L,gaba,DNg100,DNg100_R
14621,10056,2,2,PVLP203m,PVLP203m_R,acetylcholine,DNg100,DNg100_R
14692,10056,2,1,CB0259,CB0259_L,acetylcholine,DNg100,DNg100_R
14717,10056,2,1,LAL304m,LAL304m_R,acetylcholine,DNg100,DNg100_R
14973,10056,2,1,AN19A018,AN19A018(14113)_L,acetylcholine,DNg100,DNg100_R
14989,10056,2,1,DNge127,DNge127_L,gaba,DNg100,DNg100_R
15042,10056,2,1,LoVC22,LoVC22_L,dopamine,DNg100,DNg100_R
15491,10056,2,2,DNpe028,DNpe028(IB046)_L,acetylcholine,DNg100,DNg100_R
15723,10056,2,2,GNG663,GNG663_R,gaba,DNg100,DNg100_R
16079,10056,2,1,DNge068,DNge068_L,glutamate,DNg100,DNg100_R
16202,10056,2,1,AN17A012,AN17A012_R,acetylcholine,DNg100,DNg100_R
16493,10056,2,2,LAL113,LAL113_R,gaba,DNg100,DNg100_R
16563,10056,2,1,AN19B028,AN19B028_R,acetylcholine,DNg100,DNg100_R
16656,10056,2,1,,,acetylcholine,DNg100,DNg100_R
16675,10056,2,1,AN08B112,AN08B112_L,acetylcholine,DNg100,DNg100_R
17001,10056,2,1,ICL005m,ICL005m_R,glutamate,DNg100,DNg100_R
17711,10056,2,1,PVLP201m_d,PVLP201m_d_R,acetylcholine,DNg100,DNg100_R
18134,10056,2,2,AN12A003,AN12A003_L,acetylcholine,DNg100,DNg100_R
18378,10056,2,1,PVLP200m_b,PVLP200m_b_R,acetylcholine,DNg100,DNg100_R
18568,10056,2,2,AN27X003,AN27X003_R,unclear,DNg100,DNg100_R
19217,10056,2,0,AN23B003,AN23B003_R,acetylcholine,DNg100,DNg100_R
19358,10056,2,2,VES020,VES020_L,gaba,DNg100,DNg100_R
20077,10056,2,1,CL122_b,CL122_b_R,gaba,DNg100,DNg100_R
20769,10056,2,1,AN23B004,AN23B004_L,acetylcholine,DNg100,DNg100_R
20891,10056,2,1,ANXXX116,ANXXX116(20891)_L,acetylcholine,DNg100,DNg100_R
21144,10056,2,2,PVLP203m,PVLP203m_L,acetylcholine,DNg100,DNg100_R
22115,10056,2,1,AN08B050,AN08B050_R,acetylcholine,DNg100,DNg100_R
22733,10056,2,1,CL121_b,CL121_b_L,gaba,DNg100,DNg100_R
23747,10056,2,0,AN10B024,AN10B024_R,acetylcholine,DNg100,DNg100_R
24857,10056,2,0,GNG092,GNG092_L,gaba,DNg100,DNg100_R
24995,10056,2,1,AVLP736m,AVLP736m_R,acetylcholine,DNg100,DNg100_R
25724,10056,2,1,CL121_b,CL121_b_R,gaba,DNg100,DNg100_R
25861,10056,2,2,DNge038,DNge038_L,acetylcholine,DNg100,DNg100_R
26226,10056,2,2,,,acetylcholine,DNg100,DNg100_R
28262,10056,2,2,LAL197,LAL197_L,acetylcholine,DNg100,DNg100_R
29622,10056,2,1,AOTU002_b,AOTU002_b_R,acetylcholine,DNg100,DNg100_R
29785,10056,2,1,CL121_b,CL121_b_R,gaba,DNg100,DNg100_R
31952,10056,2,2,AN02A016,AN02A016_L,glutamate,DNg100,DNg100_R
32169,10056,2,2,GNG009,GNG009_M,gaba,DNg100,DNg100_R
32824,10056,2,1,VES001,VES001_L,glutamate,DNg100,DNg100_R
34587,10056,2,0,WED166_a,WED166_a_L,acetylcholine,DNg100,DNg100_R
35174,10056,2,0,GNG376,GNG376_R,glutamate,DNg100,DNg100_R
35892,10056,2,2,IB032,IB032_R,glutamate,DNg100,DNg100_R
40398,10056,2,1,CB4094,CB4094_L,acetylcholine,DNg100,DNg100_R
42194,10056,2,2,CB2043,CB2043_R,gaba,DNg100,DNg100_R
44887,10056,2,2,AN19B032,AN19B032_R,acetylcholine,DNg100,DNg100_R
46572,10056,2,2,CB2620,CB2620(hb1634157810)_R,gaba,DNg100,DNg100_R
52437,10056,2,1,AN08B099_a,AN08B099_a_L,acetylcholine,DNg100,DNg100_R
52862,10056,2,1,VES049,VES049_L,glutamate,DNg100,DNg100_R
63923,10056,2,2,LAL113,LAL113_L,gaba,DNg100,DNg100_R
67235,10056,2,1,WED192,WED192_L,acetylcholine,DNg100,DNg100_R
74561,10056,2,2,AN19B010,AN19B010_R,acetylcholine,DNg100,DNg100_R
83661,10056,2,2,DNge046,DNge046_R,gaba,DNg100,DNg100_R
92001,10056,2,1,AN08B100,AN08B100(92001)_R,acetylcholine,DNg100,DNg100_R
95862,10056,2,2,AN08B031,AN08B031_R,acetylcholine,DNg100,DNg100_R
106293,10056,2,1,AN08B094,AN08B094_L,acetylcholine,DNg100,DNg100_R
110463,10056,2,2,JO-unclear,JO-unclear_L,acetylcholine,DNg100,DNg100_R
118160,10056,2,1,SMP461,SMP461_R,acetylcholine,DNg100,DNg100_R
148730,10056,2,2,AN08B099_a,AN08B099_a_L,acetylcholine,DNg100,DNg100_R
168222,10056,2,2,CB1227,CB1227_L,glutamate,DNg100,DNg100_R
171800,10056,2,2,AN08B100,AN08B100(92001)_R,acetylcholine,DNg100,DNg100_R
183387,10056,2,2,AN08B100,AN08B100_R,acetylcholine,DNg100,DNg100_R
196917,10056,2,1,SMP461,SMP461_L,acetylcholine,DNg100,DNg100_R
242405,10056,2,1,DNge046,DNge046_R,gaba,DNg100,DNg100_R
305537,10056,2,1,GNG587,GNG587_R,acetylcholine,DNg100,DNg100_R
382580,10056,2,2,AN08B031,AN08B031_R,acetylcholine,DNg100,DNg100_R
467191,10056,2,1,AN07B070,AN07B070_R,acetylcholine,DNg100,DNg100_R
513052,10056,2,2,DNg15,DNg15_R,acetylcholine,DNg100,DNg100_R
513372,10056,2,2,IB032,IB032_R,glutamate,DNg100,DNg100_R
513934,10056,2,1,CL122_b,CL122_b_R,gaba,DNg100,DNg100_R
514541,10056,2,1,CB1805,CB1805_R,glutamate,DNg100,DNg100_R
519420,10056,2,2,WED107,WED107_R,acetylcholine,DNg100,DNg100_R
519877,10056,2,1,VES007,VES007_L,acetylcholine,DNg100,DNg100_R
519896,10056,2,2,DNa06,DNa06(PS039)_L,acetylcholine,DNg100,DNg100_R
519940,10056,2,0,PS326,PS326_R,glutamate,DNg100,DNg100_R
520088,10056,2,2,mAL_m7,mAL_m7_L,gaba,DNg100,DNg100_R
521190,10056,2,2,DNae007,DNae007(VES009)_L,acetylcholine,DNg100,DNg100_R
523017,10056,2,2,CB0214,CB0214_L,gaba,DNg100,DNg100_R
523040,10056,2,2,GNG108,GNG108_L,acetylcholine,DNg100,DNg100_R
523379,10056,2,1,,,gaba,DNg100,DNg100_R
524412,10056,2,0,DNa06,DNa06(PS039)_R,acetylcholine,DNg100,DNg100_R
524968,10056,2,0,DNp32,DNp32_R,unclear,DNg100,DNg100_R
526837,10056,2,1,ICL013m_a,ICL013m_a_R,glutamate,DNg100,DNg100_R
526998,10056,2,2,AN17A073,AN17A073_L,acetylcholine,DNg100,DNg100_R
527695,10056,2,2,CL259,CL259_R,acetylcholine,DNg100,DNg100_R
531133,10056,2,1,OA-ASM3,OA-ASM3_R,unclear,DNg100,DNg100_R
531425,10056,2,2,GNG506,GNG506_L,gaba,DNg100,DNg100_R
533529,10056,2,1,PS124,PS124_R,acetylcholine,DNg100,DNg100_R
536488,10056,2,1,GNG511,GNG511_R,gaba,DNg100,DNg100_R
555458,10056,2,1,GNG561,GNG561_L,glutamate,DNg100,DNg100_R
800099,10056,2,2,DNge079,DNge079_L,gaba,DNg100,DNg100_R
800175,10056,2,2,Pleural remotor/abductor MN,Pleural remotor/abductor MN_L,unclear,DNg100,DNg100_R
800311,10056,2,2,IN07B009,IN07B009_R,glutamate,DNg100,DNg100_R
800343,10056,2,2,IN05B003,IN05B003_L,gaba,DNg100,DNg100_R
800557,10056,2,1,IN03A006,IN03A006_L,acetylcholine,DNg100,DNg100_R
800685,10056,2,1,IN09A002,IN09A002_L,gaba,DNg100,DNg100_R
801262,10056,2,1,IN18B011,IN18B011_R,acetylcholine,DNg100,DNg100_R
801424,10056,2,0,IN14A006,IN14A006_R,glutamate,DNg100,DNg100_R
802134,10056,2,1,IN14B003,IN14B003_L,gaba,DNg100,DNg100_R
802210,10056,2,1,IN20A.22A035,IN20A.22A035_L,acetylcholine,DNg100,DNg100_R
803216,10056,2,1,IN16B042,IN16B042_L,glutamate,DNg100,DNg100_R
803566,10056,2,1,IN00A001,IN00A001_M,unclear,DNg100,DNg100_R
803583,10056,2,1,INXXX056,INXXX056_L,unclear,DNg100,DNg100_R
803821,10056,2,2,IN27X002,IN27X002_L,unclear,DNg100,DNg100_R
804092,10056,2,1,IN12B036,IN12B036_R,gaba,DNg100,DNg100_R
804353,10056,2,0,IN06A043,IN06A043_L,gaba,DNg100,DNg100_R
805087,10056,2,1,IN12A027,IN12A027_L,acetylcholine,DNg100,DNg100_R
805506,10056,2,0,IN04B032,IN04B032_L,acetylcholine,DNg100,DNg100_R
812953,10056,2,2,Ti extensor MN,Ti extensor MN_L,unclear,DNg100,DNg100_R
815054,10056,2,2,INXXX295,INXXX295_L,unclear,DNg100,DNg100_R
904831,10056,2,2,IN01A030,IN01A030_R,acetylcholine,DNg100,DNg100_R
905700,10056,2,1,IN12A013,IN12A013_L,acetylcholine,DNg100,DNg100_R
907005,10056,2,2,IN08B065,IN08B065_R,acetylcholine,DNg100,DNg100_R
909441,10056,2,1,IN08B062,IN08B062_R,acetylcholine,DNg100,DNg100_R
932684,10056,2,2,ANXXX084,ANXXX084_R,acetylcholine,DNg100,DNg100_R
934591,10056,2,2,IN07B009,IN07B009_R,glutamate,DNg100,DNg100_R
10038,10056,1,0,pIP1,pIP1_R,acetylcholine,DNg100,DNg100_R
10106,10056,1,0,DNp11,DNp11_R,acetylcholine,DNg100,DNg100_R
10116,10056,1,1,VES074,VES074_L,acetylcholine,DNg100,DNg100_R
10167,10056,1,1,VES041,VES041_R,gaba,DNg100,DNg100_R
10187,10056,1,1,OA-VPM3,OA-VPM3_R,octopamine,DNg100,DNg100_R
10216,10056,1,1,DNge037,DNge037_R,acetylcholine,DNg100,DNg100_R
10223,10056,1,1,DNpe056,DNpe056(PVLP146)_L,acetylcholine,DNg100,DNg100_R
10226,10056,1,1,OA-AL2i3,OA-AL2i3_L,octopamine,DNg100,DNg100_R
10234,10056,1,1,DNp35,DNp35(PVLP136)_L,acetylcholine,DNg100,DNg100_R
10279,10056,1,0,SAD113,SAD113_L,gaba,DNg100,DNg100_R
10283,10056,1,0,DNp103,DNp103(PVLP119)_R,acetylcholine,DNg100,DNg100_R
10287,10056,1,1,AVLP606,AVLP606(hb1822659562)_M,gaba,DNg100,DNg100_R
10388,10056,1,1,DNp13,DNp13_R,acetylcholine,DNg100,DNg100_R
10411,10056,1,1,DNb09,DNb09(DNb01)_R,glutamate,DNg100,DNg100_R
10416,10056,1,1,DNde002,DNde002(VES029)_L,acetylcholine,DNg100,DNg100_R
10420,10056,1,1,GNG667,GNG667_L,acetylcholine,DNg100,DNg100_R
10433,10056,1,1,DNp10,DNp10_R,acetylcholine,DNg100,DNg100_R
10504,10056,1,1,DNp62,DNp62(DSKMP1B)_R,unclear,DNg100,DNg100_R
10557,10056,1,1,GNG137,GNG137_L,unclear,DNg100,DNg100_R
10582,10056,1,1,DNge040,DNge040_L,glutamate,DNg100,DNg100_R
10638,10056,1,1,GNG667,GNG667_R,acetylcholine,DNg100,DNg100_R
10639,10056,1,1,LoVC22,LoVC22_R,dopamine,DNg100,DNg100_R
10648,10056,1,1,aMe_TBD1,aMe_TBD1_L,gaba,DNg100,DNg100_R
10666,10056,1,0,pC1x_c,pC1x_c_R,acetylcholine,DNg100,DNg100_R
10693,10056,1,1,LoVP101,LoVP101_R,acetylcholine,DNg100,DNg100_R
10713,10056,1,1,DNp42,DNp42_L,acetylcholine,DNg100,DNg100_R
10724,10056,1,1,DNp62,DNp62(DSKMP1B)_L,unclear,DNg100,DNg100_R
10735,10056,1,1,LoVC18,"LoVC18(PLP030,PLP031)_L",dopamine,DNg100,DNg100_R
10760,10056,1,1,DNa01,DNa01(VES006)_R,acetylcholine,DNg100,DNg100_R
10785,10056,1,1,OLVC1,OLVC1_L,acetylcholine,DNg100,DNg100_R
10799,10056,1,1,OA-VUMa4,OA-VUMa4_M,octopamine,DNg100,DNg100_R
10831,10056,1,0,WED195,WED195_R,gaba,DNg100,DNg100_R
10855,10056,1,1,GNG004,GNG004_M,gaba,DNg100,DNg100_R
10858,10056,1,1,GNG666,GNG666_L,acetylcholine,DNg100,DNg100_R
10885,10056,1,0,DNg88,DNg88_L,acetylcholine,DNg100,DNg100_R
10959,10056,1,1,DNg98,DNg98_R,gaba,DNg100,DNg100_R
10979,10056,1,1,DNge103,DNge103_L,gaba,DNg100,DNg100_R
11048,10056,1,1,DNge068,DNge068_R,glutamate,DNg100,DNg100_R
11078,10056,1,1,DNg96,DNg96_L,glutamate,DNg100,DNg100_R
11158,10056,1,1,DNge026,DNge026_R,glutamate,DNg100,DNg100_R
11221,10056,1,1,CB3323,CB3323_L,gaba,DNg100,DNg100_R
11256,10056,1,1,DNge040,DNge040_R,glutamate,DNg100,DNg100_R
11257,10056,1,1,DNp45,DNp45(PVLP117)_R,acetylcholine,DNg100,DNg100_R
11334,10056,1,0,DNpe045,DNpe045(DNp23)_R,acetylcholine,DNg100,DNg100_R
11374,10056,1,1,DNg60,DNg60_L,gaba,DNg100,DNg100_R
11410,10056,1,1,DNpe023,DNpe023(LAL201)_L,acetylcholine,DNg100,DNg100_R
11424,10056,1,1,DNge026,DNge026_L,glutamate,DNg100,DNg100_R
11445,10056,1,1,AOTU064,AOTU064_L,gaba,DNg100,DNg100_R
11457,10056,1,1,LAL108,LAL108(LAL125)_L,glutamate,DNg100,DNg100_R
11486,10056,1,1,DNd03,DNd03_L,glutamate,DNg100,DNg100_R
11489,10056,1,1,GNG160,GNG160_L,glutamate,DNg100,DNg100_R
11597,10056,1,0,PVLP143,PVLP143_L,acetylcholine,DNg100,DNg100_R
11653,10056,1,1,DNg27,DNg27_R,glutamate,DNg100,DNg100_R
11711,10056,1,0,GNG006,GNG006_M,gaba,DNg100,DNg100_R
11726,10056,1,1,LT51,LT51_L,glutamate,DNg100,DNg100_R
11742,10056,1,1,DNp104,DNp104(CL324)_L,acetylcholine,DNg100,DNg100_R
11768,10056,1,0,AVLP593,AVLP593_L,unclear,DNg100,DNg100_R
11820,10056,1,1,DNge123,DNge123_L,glutamate,DNg100,DNg100_R
11851,10056,1,1,,,unclear,DNg100,DNg100_R
11856,10056,1,1,CB0194,CB0194_R,gaba,DNg100,DNg100_R
12025,10056,1,1,PS172,PS172_R,glutamate,DNg100,DNg100_R
12027,10056,1,0,DNp101,DNp101(CL334)_L,acetylcholine,DNg100,DNg100_R
12123,10056,1,0,GNG316,GNG316_R,acetylcholine,DNg100,DNg100_R
12128,10056,1,1,GNG047,GNG047_R,gaba,DNg100,DNg100_R
12131,10056,1,1,PS048_a,PS048_a_R,acetylcholine,DNg100,DNg100_R
12187,10056,1,1,VES074,VES074_R,acetylcholine,DNg100,DNg100_R
12224,10056,1,1,DNg14,DNg14_R,acetylcholine,DNg100,DNg100_R
12323,10056,1,1,PVLP115,PVLP115_R,acetylcholine,DNg100,DNg100_R
12325,10056,1,0,DNp67,DNp67(CL139)_L,acetylcholine,DNg100,DNg100_R
12405,10056,1,1,DNge150,DNge150_M,unclear,DNg100,DNg100_R
12529,10056,1,0,GNG304,GNG304_R,glutamate,DNg100,DNg100_R
12587,10056,1,0,DNge004,DNge004_R,glutamate,DNg100,DNg100_R
12619,10056,1,1,DNge007,DNge007_L,acetylcholine,DNg100,DNg100_R
12623,10056,1,0,PS278,PS278_L,glutamate,DNg100,DNg100_R
12628,10056,1,1,DNpe042,DNpe042(CL262)_R,acetylcholine,DNg100,DNg100_R
12657,10056,1,1,GNG668,GNG668_R,unclear,DNg100,DNg100_R
12733,10056,1,1,GNG287,GNG287_R,gaba,DNg100,DNg100_R
12750,10056,1,0,DNge136,DNge136_R,gaba,DNg100,DNg100_R
12755,10056,1,0,LAL182,LAL182_R,acetylcholine,DNg100,DNg100_R
12775,10056,1,1,DNg26,DNg26_R,unclear,DNg100,DNg100_R
12794,10056,1,1,DNg44,DNg44_R,glutamate,DNg100,DNg100_R
12803,10056,1,1,CB0432,CB0432_L,glutamate,DNg100,DNg100_R
12808,10056,1,1,GNG043,GNG043_R,histamine,DNg100,DNg100_R
12826,10056,1,1,CB0629,CB0629_L,gaba,DNg100,DNg100_R
12905,10056,1,0,SAD084,SAD084_L,acetylcholine,DNg100,DNg100_R
13068,10056,1,1,PPM1201,PPM1201_R,dopamine,DNg100,DNg100_R
13237,10056,1,1,CB0492,CB0492_L,gaba,DNg100,DNg100_R
13238,10056,1,1,VES063,VES063_R,acetylcholine,DNg100,DNg100_R
13242,10056,1,1,GNG351,GNG351_L,glutamate,DNg100,DNg100_R
13259,10056,1,0,PPL202,PPL202_L,dopamine,DNg100,DNg100_R
13277,10056,1,1,DNg86,DNg86_R,unclear,DNg100,DNg100_R
13278,10056,1,1,DNge076,DNge076_R,gaba,DNg100,DNg100_R
13279,10056,1,1,CL122_b,CL122_b_L,gaba,DNg100,DNg100_R
13303,10056,1,1,OA-VUMa5,OA-VUMa5_M,octopamine,DNg100,DNg100_R
13345,10056,1,1,CB0316,CB0316_R,acetylcholine,DNg100,DNg100_R
13432,10056,1,1,DNg66,DNg66_M,unclear,DNg100,DNg100_R
13433,10056,1,1,FLA017,FLA017_R,gaba,DNg100,DNg100_R
13443,10056,1,1,DNge096,DNge096_L,gaba,DNg100,DNg100_R
13445,10056,1,0,DNge046,DNge046_L,gaba,DNg100,DNg100_R
13471,10056,1,1,ANXXX068,ANXXX068_R,acetylcholine,DNg100,DNg100_R
13504,10056,1,0,PS187,PS187_R,glutamate,DNg100,DNg100_R
13615,10056,1,1,DNbe006,DNbe006_R,acetylcholine,DNg100,DNg100_R
13652,10056,1,1,DNge038,DNge038_R,acetylcholine,DNg100,DNg100_R
13657,10056,1,0,AN12B019,AN12B019(13657)_L,gaba,DNg100,DNg100_R
13769,10056,1,1,LoVP88,LoVP88_L,acetylcholine,DNg100,DNg100_R
13773,10056,1,1,VES018,VES018_R,gaba,DNg100,DNg100_R
13792,10056,1,1,AN12B019,AN12B019(13657)_R,gaba,DNg100,DNg100_R
13827,10056,1,1,AN08B018,AN08B018_b_R,acetylcholine,DNg100,DNg100_R
13856,10056,1,1,GNG498,GNG498_R,glutamate,DNg100,DNg100_R
13891,10056,1,1,DNg106,DNg106_R,gaba,DNg100,DNg100_R
13930,10056,1,0,LAL102,LAL102_R,gaba,DNg100,DNg100_R
13959,10056,1,1,OA-ASM3,OA-ASM3_L,unclear,DNg100,DNg100_R
13996,10056,1,1,DNge131,DNge131_L,gaba,DNg100,DNg100_R
14048,10056,1,1,DNg52,DNg52_L,gaba,DNg100,DNg100_R
14051,10056,1,0,VES067,VES067_L,acetylcholine,DNg100,DNg100_R
14056,10056,1,1,PS048_b,PS048_b_L,acetylcholine,DNg100,DNg100_R
14059,10056,1,1,PLP301m,PLP301m_R,acetylcholine,DNg100,DNg100_R
14113,10056,1,1,AN19A018,AN19A018(14113)_R,acetylcholine,DNg100,DNg100_R
14114,10056,1,1,DNg69,DNg69_R,acetylcholine,DNg100,DNg100_R
14140,10056,1,1,GNG286,GNG286_R,acetylcholine,DNg100,DNg100_R
14150,10056,1,1,PVLP203m,PVLP203m_L,acetylcholine,DNg100,DNg100_R
14154,10056,1,1,DNg76,DNg76_R,acetylcholine,DNg100,DNg100_R
14286,10056,1,0,PS291,PS291(PS302)_L,acetylcholine,DNg100,DNg100_R
14333,10056,1,1,GNG137,GNG137_R,unclear,DNg100,DNg100_R
14406,10056,1,1,CB2465,CB2465_L,glutamate,DNg100,DNg100_R
14505,10056,1,1,AVLP746m,AVLP746m_L,acetylcholine,DNg100,DNg100_R
14511,10056,1,1,CB3588,CB3588_L,acetylcholine,DNg100,DNg100_R
14527,10056,1,0,AN05B103,AN05B103_R,acetylcholine,DNg100,DNg100_R
14543,10056,1,1,PS202,PS202_R,acetylcholine,DNg100,DNg100_R
14953,10056,1,1,GNG128,GNG128_R,acetylcholine,DNg100,DNg100_R
15105,10056,1,1,DNg55,DNg55_M,gaba,DNg100,DNg100_R
15145,10056,1,1,GNG532,GNG532_R,acetylcholine,DNg100,DNg100_R
15347,10056,1,0,DNge082,DNge082_L,acetylcholine,DNg100,DNg100_R
15397,10056,1,1,SAD034,SAD034_L,acetylcholine,DNg100,DNg100_R
15463,10056,1,1,GNG503,GNG503_R,acetylcholine,DNg100,DNg100_R
15476,10056,1,0,CL260,CL260_R,acetylcholine,DNg100,DNg100_R
15691,10056,1,0,AVLP706m,AVLP706m_R,acetylcholine,DNg100,DNg100_R
15705,10056,1,0,DNge081,DNge081_L,acetylcholine,DNg100,DNg100_R
15846,10056,1,1,SAD044,SAD044_L,acetylcholine,DNg100,DNg100_R
16104,10056,1,1,CL205,CL205_L,acetylcholine,DNg100,DNg100_R
16159,10056,1,1,PVLP201m_d,PVLP201m_d_L,acetylcholine,DNg100,DNg100_R
16296,10056,1,1,GNG464,GNG464_L,gaba,DNg100,DNg100_R
16577,10056,1,1,aIPg1,aIPg1_R,acetylcholine,DNg100,DNg100_R
16593,10056,1,1,ANXXX002,ANXXX002_R,gaba,DNg100,DNg100_R
16937,10056,1,0,GNG543,GNG543_R,acetylcholine,DNg100,DNg100_R
17076,10056,1,1,GNG461,GNG461_R,gaba,DNg100,DNg100_R
17081,10056,1,1,GNG442,GNG442_R,acetylcholine,DNg100,DNg100_R
17140,10056,1,1,GNG589,GNG589_R,glutamate,DNg100,DNg100_R
17382,10056,1,1,AN06B034,AN06B034_L,gaba,DNg100,DNg100_R
17420,10056,1,1,LAL127,LAL127_R,gaba,DNg100,DNg100_R
17628,10056,1,1,AN23B001,AN23B001_L,acetylcholine,DNg100,DNg100_R
17695,10056,1,1,AN07B017,AN07B017_R,glutamate,DNg100,DNg100_R
17718,10056,1,0,AVLP709m,AVLP709m_L,acetylcholine,DNg100,DNg100_R
18153,10056,1,1,AN17A012,AN17A012_R,acetylcholine,DNg100,DNg100_R
18206,10056,1,1,GNG466,GNG466_L,gaba,DNg100,DNg100_R
18531,10056,1,1,PVLP046,PVLP046_L,gaba,DNg100,DNg100_R
18654,10056,1,0,SCL001m,SCL001m_R,acetylcholine,DNg100,DNg100_R
19505,10056,1,0,CB4106,CB4106_L,acetylcholine,DNg100,DNg100_R
19585,10056,1,1,VES022,VES022_L,gaba,DNg100,DNg100_R
19681,10056,1,0,PVLP201m_a,PVLP201m_a_R,acetylcholine,DNg100,DNg100_R
20227,10056,1,1,ANXXX005,ANXXX005_R,unclear,DNg100,DNg100_R
20489,10056,1,1,AN02A025,AN02A025_L,glutamate,DNg100,DNg100_R
20636,10056,1,1,AN12B019,AN12B019(18366)_R,gaba,DNg100,DNg100_R
20652,10056,1,1,GNG124,GNG124_L,gaba,DNg100,DNg100_R
20744,10056,1,1,GNG657,GNG657_R,acetylcholine,DNg100,DNg100_R
20831,10056,1,1,AN09A005,AN09A005_R,unclear,DNg100,DNg100_R
21360,10056,1,0,AN04B001,AN04B001_L,acetylcholine,DNg100,DNg100_R
21783,10056,1,1,AN27X008,AN27X008_R,histamine,DNg100,DNg100_R
21921,10056,1,1,IB051,IB051_L,acetylcholine,DNg100,DNg100_R
21977,10056,1,0,CB4094,CB4094_R,acetylcholine,DNg100,DNg100_R
22390,10056,1,1,DNge008,DNge008_L,acetylcholine,DNg100,DNg100_R
22469,10056,1,1,AN18B019,AN18B019_R,acetylcholine,DNg100,DNg100_R
22597,10056,1,1,AN01A033,AN01A033_L,acetylcholine,DNg100,DNg100_R
22982,10056,1,1,PPM1202,PPM1202_L,dopamine,DNg100,DNg100_R
23199,10056,1,0,CB4101,CB4101_L,acetylcholine,DNg100,DNg100_R
23403,10056,1,1,VES100,VES100_L,gaba,DNg100,DNg100_R
23693,10056,1,0,VES023,VES023_R,gaba,DNg100,DNg100_R
23755,10056,1,1,AN08B048,AN08B048_L,acetylcholine,DNg100,DNg100_R
23836,10056,1,0,GNG331,GNG331_R,acetylcholine,DNg100,DNg100_R
23850,10056,1,1,OA-ASM2,OA-ASM2_R,unclear,DNg100,DNg100_R
23963,10056,1,1,SAD100,SAD100_R,gaba,DNg100,DNg100_R
24229,10056,1,1,AN10B015,AN10B015_L,acetylcholine,DNg100,DNg100_R
24451,10056,1,1,AN07B013,AN07B013_L,glutamate,DNg100,DNg100_R
24544,10056,1,1,AN02A025,AN02A025_R,glutamate,DNg100,DNg100_R
24908,10056,1,0,CB2366,CB2366_R,acetylcholine,DNg100,DNg100_R
24965,10056,1,1,PS141,PS141(PS147)_L,glutamate,DNg100,DNg100_R
25021,10056,1,1,GNG009,GNG009_M,gaba,DNg100,DNg100_R
25289,10056,1,1,VES023,VES023_L,gaba,DNg100,DNg100_R
25844,10056,1,0,DNge058,DNge058_L,acetylcholine,DNg100,DNg100_R
26269,10056,1,1,AN18B019,AN18B019_L,acetylcholine,DNg100,DNg100_R
26680,10056,1,1,AN07B005,AN07B005_L,acetylcholine,DNg100,DNg100_R
28704,10056,1,0,GNG657,GNG657_R,acetylcholine,DNg100,DNg100_R
28957,10056,1,1,PLP025,PLP025_L,gaba,DNg100,DNg100_R
29450,10056,1,1,GNG493,GNG493_R,gaba,DNg100,DNg100_R
30418,10056,1,1,VES109,VES109_R,gaba,DNg100,DNg100_R
30643,10056,1,1,CL131,CL131_L,acetylcholine,DNg100,DNg100_R
30660,10056,1,1,AN19B010,AN19B010_R,acetylcholine,DNg100,DNg100_R
31334,10056,1,1,AN08B009,AN08B009_L,acetylcholine,DNg100,DNg100_R
32069,10056,1,1,PS187,PS187_L,glutamate,DNg100,DNg100_R
33220,10056,1,1,AN03B009,AN03B009_R,gaba,DNg100,DNg100_R
33487,10056,1,0,AN08B074,AN08B074_R,acetylcholine,DNg100,DNg100_R
33612,10056,1,1,VES023,VES023_R,gaba,DNg100,DNg100_R
34452,10056,1,1,CB0420,CB0420_L,glutamate,DNg100,DNg100_R
35920,10056,1,1,ANXXX145,ANXXX145(35920)_L,acetylcholine,DNg100,DNg100_R
36487,10056,1,1,CRE014,CRE014_L,acetylcholine,DNg100,DNg100_R
36513,10056,1,1,CL210_a,CL210_a_L,acetylcholine,DNg100,DNg100_R
36918,10056,1,0,WED075,WED075_R,gaba,DNg100,DNg100_R
37007,10056,1,1,GNG404,GNG404_R,glutamate,DNg100,DNg100_R
37047,10056,1,1,,,acetylcholine,DNg100,DNg100_R
37417,10056,1,0,ANXXX145,ANXXX145(37417)_L,acetylcholine,DNg100,DNg100_R
37546,10056,1,1,PS042,PS042_L,acetylcholine,DNg100,DNg100_R
38007,10056,1,1,AN05B107,AN05B107_L,acetylcholine,DNg100,DNg100_R
38984,10056,1,1,PLP099,PLP099_L,acetylcholine,DNg100,DNg100_R
39446,10056,1,0,PS164,PS164(PS165)_L,gaba,DNg100,DNg100_R
39580,10056,1,1,AN08B053,AN08B053_L,acetylcholine,DNg100,DNg100_R
40732,10056,1,0,AN08B015,AN08B015_R,acetylcholine,DNg100,DNg100_R
45501,10056,1,1,AN19B009,AN19B009_L,acetylcholine,DNg100,DNg100_R
46240,10056,1,1,AN04A001,AN04A001_L,acetylcholine,DNg100,DNg100_R
46778,10056,1,1,AMMC005,AMMC005_R,glutamate,DNg100,DNg100_R
47042,10056,1,1,PVLP115,PVLP115_L,acetylcholine,DNg100,DNg100_R
47720,10056,1,1,IB032,IB032_L,glutamate,DNg100,DNg100_R
47892,10056,1,1,CB1554,CB1554_R,acetylcholine,DNg100,DNg100_R
48362,10056,1,1,CB3394,CB3394_R,gaba,DNg100,DNg100_R
49106,10056,1,0,,,acetylcholine,DNg100,DNg100_R
49243,10056,1,0,ANXXX214,ANXXX214_R,acetylcholine,DNg100,DNg100_R
49896,10056,1,1,PS209,PS209_R,acetylcholine,DNg100,DNg100_R
50107,10056,1,1,AN07B052,AN07B052_R,acetylcholine,DNg100,DNg100_R
55295,10056,1,1,GNG661,GNG661_L,acetylcholine,DNg100,DNg100_R
55431,10056,1,1,SMP713m,SMP713m_R,acetylcholine,DNg100,DNg100_R
55451,10056,1,1,AN08B059,AN08B059_R,acetylcholine,DNg100,DNg100_R
57975,10056,1,1,GNG346,GNG346_M,gaba,DNg100,DNg100_R
58594,10056,1,1,AN17A073,AN17A073_R,acetylcholine,DNg100,DNg100_R
59703,10056,1,0,AN26X004,AN26X004_L,unclear,DNg100,DNg100_R
69729,10056,1,0,WED161,WED161_L,acetylcholine,DNg100,DNg100_R
71940,10056,1,0,AN14A003,AN14A003_R,glutamate,DNg100,DNg100_R
78134,10056,1,1,VES097,VES097_L,gaba,DNg100,DNg100_R
79158,10056,1,1,AN08B098,AN08B098_R,acetylcholine,DNg100,DNg100_R
80751,10056,1,1,CB4101,CB4101_R,acetylcholine,DNg100,DNg100_R
81660,10056,1,1,LoVC25,LoVC25_L,acetylcholine,DNg100,DNg100_R
84747,10056,1,0,CRE014,CRE014_R,acetylcholine,DNg100,DNg100_R
90051,10056,1,1,AN07B003,AN07B003_L,acetylcholine,DNg100,DNg100_R
92936,10056,1,1,DNge083,DNge083_L,glutamate,DNg100,DNg100_R
93756,10056,1,0,AN08B100,AN08B100(92001)_L,acetylcholine,DNg100,DNg100_R
95652,10056,1,1,AN08B100,AN08B100(92001)_L,acetylcholine,DNg100,DNg100_R
97025,10056,1,0,JO-EV2,JO-EV2_L,acetylcholine,DNg100,DNg100_R
99172,10056,1,0,ICL006m,ICL006m_L,glutamate,DNg100,DNg100_R
103979,10056,1,0,CB2033,CB2033_L,acetylcholine,DNg100,DNg100_R
108202,10056,1,1,AN07B062,AN07B062_R,acetylcholine,DNg100,DNg100_R
134030,10056,1,0,AN08B043,AN08B043_L,acetylcholine,DNg100,DNg100_R
135060,10056,1,1,CB1585,CB1585_L,acetylcholine,DNg100,DNg100_R
147120,10056,1,1,SMP461,SMP461_R,acetylcholine,DNg100,DNg100_R
217036,10056,1,1,JO-EV5,JO-EV5_L,acetylcholine,DNg100,DNg100_R
221015,10056,1,1,ANXXX008,ANXXX008_L,unclear,DNg100,DNg100_R
222340,10056,1,1,,,acetylcholine,DNg100,DNg100_R
431420,10056,1,1,AN08B099_a,AN08B099_a_R,acetylcholine,DNg100,DNg100_R
511926,10056,1,0,ANXXX068,ANXXX068_L,acetylcholine,DNg100,DNg100_R
512006,10056,1,1,DNg13,DNg13_R,acetylcholine,DNg100,DNg100_R
512192,10056,1,0,VES099,VES099_L,gaba,DNg100,DNg100_R
512351,10056,1,1,GNG490,GNG490_L,gaba,DNg100,DNg100_R
512357,10056,1,1,PS309,PS309_L,acetylcholine,DNg100,DNg100_R
512609,10056,1,0,GNG543,GNG543_L,acetylcholine,DNg100,DNg100_R
513055,10056,1,0,AN08B059,AN08B059_L,acetylcholine,DNg100,DNg100_R
513100,10056,1,1,PS146,PS146_L,glutamate,DNg100,DNg100_R
513235,10056,1,0,AN00A006,AN00A006_M,gaba,DNg100,DNg100_R
513296,10056,1,1,DNb03,DNb03_L,acetylcholine,DNg100,DNg100_R
513715,10056,1,0,WED146_a,WED146_a_R,acetylcholine,DNg100,DNg100_R
513782,10056,1,1,WED127,WED127_L,acetylcholine,DNg100,DNg100_R
513863,10056,1,1,GNG512,GNG512_L,acetylcholine,DNg100,DNg100_R
513933,10056,1,1,AN08B084,AN08B084_R,acetylcholine,DNg100,DNg100_R
514394,10056,1,1,CL335,CL335_R,acetylcholine,DNg100,DNg100_R
515062,10056,1,1,GNG287,GNG287_L,gaba,DNg100,DNg100_R
515460,10056,1,1,CB1072,CB1072_R,acetylcholine,DNg100,DNg100_R
515809,10056,1,1,PLP010,PLP010_L,glutamate,DNg100,DNg100_R
516680,10056,1,1,DNg64,DNg64_R,gaba,DNg100,DNg100_R
517881,10056,1,1,DNg77,DNg77_R,acetylcholine,DNg100,DNg100_R
518577,10056,1,1,VES090,VES090_R,acetylcholine,DNg100,DNg100_R
518721,10056,1,1,PS315,PS315(hb5813022991)_R,acetylcholine,DNg100,DNg100_R
518903,10056,1,0,WEDPN2B_a,WEDPN2B_a_L,gaba,DNg100,DNg100_R
519230,10056,1,1,LAL045,LAL045_L,gaba,DNg100,DNg100_R
519296,10056,1,1,AVLP477,AVLP477_R,acetylcholine,DNg100,DNg100_R
519396,10056,1,0,PS240,PS240(PS264)_R,acetylcholine,DNg100,DNg100_R
519866,10056,1,1,SMP142,SMP142_L,unclear,DNg100,DNg100_R
519900,10056,1,1,LoVC15,LoVC15_L,gaba,DNg100,DNg100_R
520389,10056,1,0,CL067,CL067_L,acetylcholine,DNg100,DNg100_R
520390,10056,1,1,,,gaba,DNg100,DNg100_R
520443,10056,1,0,AVLP709m,AVLP709m_R,acetylcholine,DNg100,DNg100_R
520641,10056,1,1,LAL113,LAL113_L,gaba,DNg100,DNg100_R
520643,10056,1,0,DNp46,DNp46(CL206)_L,acetylcholine,DNg100,DNg100_R
521146,10056,1,1,SMP594,SMP594_R,gaba,DNg100,DNg100_R
521152,10056,1,1,AN05B103,AN05B103_L,acetylcholine,DNg100,DNg100_R
521316,10056,1,1,GNG113,GNG113_R,gaba,DNg100,DNg100_R
521551,10056,1,1,GNG563,GNG563_L,acetylcholine,DNg100,DNg100_R
522730,10056,1,0,LHPV2i1,LHPV2i1_L,acetylcholine,DNg100,DNg100_R
523049,10056,1,0,CB4247,CB4247_R,gaba,DNg100,DNg100_R
523773,10056,1,1,DNg52,DNg52_L,gaba,DNg100,DNg100_R
523808,10056,1,1,VES099,VES099_R,gaba,DNg100,DNg100_R
523839,10056,1,1,AN08B026,AN08B026_L,acetylcholine,DNg100,DNg100_R
523945,10056,1,0,PS019,PS019_L,acetylcholine,DNg100,DNg100_R
524503,10056,1,0,OA-ASM2,OA-ASM2_L,unclear,DNg100,DNg100_R
524644,10056,1,0,CB1072,CB1072_L,acetylcholine,DNg100,DNg100_R
525455,10056,1,1,aIPg1,aIPg1_L,acetylcholine,DNg100,DNg100_R
525960,10056,1,1,DNa13,DNa13(LAL041)_L,acetylcholine,DNg100,DNg100_R
527588,10056,1,1,SMP163,SMP163_L,gaba,DNg100,DNg100_R
529031,10056,1,1,GNG300,GNG300_L,gaba,DNg100,DNg100_R
529602,10056,1,1,ALIN5,ALIN5_L,gaba,DNg100,DNg100_R
529641,10056,1,0,LAL018,LAL018_R,acetylcholine,DNg100,DNg100_R
529708,10056,1,0,PS048_b,PS048_b_R,acetylcholine,DNg100,DNg100_R
529811,10056,1,1,AVLP476,AVLP476_L,dopamine,DNg100,DNg100_R
530155,10056,1,1,PS322,PS322(hb5813078223)_R,glutamate,DNg100,DNg100_R
530938,10056,1,1,PVLP149,PVLP149_L,acetylcholine,DNg100,DNg100_R
531787,10056,1,1,CL214,CL214_R,glutamate,DNg100,DNg100_R
531861,10056,1,0,PS186,PS186_L,glutamate,DNg100,DNg100_R
533748,10056,1,1,GNG633,GNG633_L,gaba,DNg100,DNg100_R
536048,10056,1,0,DNp27,DNp27_L,acetylcholine,DNg100,DNg100_R
536207,10056,1,0,AN19B019,AN19B019(hb706176085)_L,acetylcholine,DNg100,DNg100_R
550221,10056,1,0,DNg69,DNg69_L,acetylcholine,DNg100,DNg100_R
555264,10056,1,1,GNG199,GNG199_L,acetylcholine,DNg100,DNg100_R
555726,10056,1,0,DNa13,DNa13(LAL041)_L,acetylcholine,DNg100,DNg100_R
556359,10056,1,1,GNG511,GNG511_L,gaba,DNg100,DNg100_R
557308,10056,1,0,AN18B019,AN18B019_R,acetylcholine,DNg100,DNg100_R
557984,10056,1,1,LoVC25,LoVC25_L,acetylcholine,DNg100,DNg100_R
588857,10056,1,1,GNG122,GNG122_L,acetylcholine,DNg100,DNg100_R
800003,10056,1,0,IN17A001,IN17A001_L,acetylcholine,DNg100,DNg100_R
800009,10056,1,0,IN17A001,IN17A001_L,acetylcholine,DNg100,DNg100_R
800012,10056,1,1,AN19B001,AN19B001(17757)_L,acetylcholine,DNg100,DNg100_R
800021,10056,1,0,IN03A003,IN03A003_L,acetylcholine,DNg100,DNg100_R
800032,10056,1,1,IN21A001,IN21A001_L,glutamate,DNg100,DNg100_R
800041,10056,1,1,IN27X001,IN27X001_R,gaba,DNg100,DNg100_R
800053,10056,1,1,IN07B001,IN07B001_R,acetylcholine,DNg100,DNg100_R
800054,10056,1,0,INXXX025,INXXX025_L,acetylcholine,DNg100,DNg100_R
800064,10056,1,1,IN14A002,IN14A002_R,glutamate,DNg100,DNg100_R
800072,10056,1,1,INXXX464,INXXX464_L,acetylcholine,DNg100,DNg100_R
800134,10056,1,0,IN03A010,IN03A010_L,acetylcholine,DNg100,DNg100_R
800135,10056,1,1,IN08B001,IN08B001_L,acetylcholine,DNg100,DNg100_R
800145,10056,1,0,IN11A001,IN11A001_L,gaba,DNg100,DNg100_R
800173,10056,1,1,IN17A001,IN17A001_L,acetylcholine,DNg100,DNg100_R
800296,10056,1,1,IN09A002,IN09A002_L,gaba,DNg100,DNg100_R
800374,10056,1,1,IN19A007,IN19A007_L,gaba,DNg100,DNg100_R
800459,10056,1,0,IN03A001,IN03A001_L,acetylcholine,DNg100,DNg100_R
800490,10056,1,0,IN19A008,IN19A008_L,gaba,DNg100,DNg100_R
800493,10056,1,1,IN14A002,IN14A002_R,glutamate,DNg100,DNg100_R
800589,10056,1,1,Tr flexor MN,Tr flexor MN_L,glutamate,DNg100,DNg100_R
800646,10056,1,0,IN03A006,IN03A006_L,acetylcholine,DNg100,DNg100_R
800657,10056,1,1,IN06B029,IN06B029_R,gaba,DNg100,DNg100_R
800792,10056,1,0,IN17A022,IN17A022_L,acetylcholine,DNg100,DNg100_R
800800,10056,1,0,IN13B012,IN13B012_R,gaba,DNg100,DNg100_R
800809,10056,1,1,IN00A001,IN00A001_M,unclear,DNg100,DNg100_R
800977,10056,1,1,IN16B016,IN16B016_L,glutamate,DNg100,DNg100_R
801030,10056,1,1,INXXX045,INXXX045_R,unclear,DNg100,DNg100_R
801091,10056,1,1,IN21A002,IN21A002_L,glutamate,DNg100,DNg100_R
801109,10056,1,0,INXXX307,INXXX307_R,acetylcholine,DNg100,DNg100_R
801120,10056,1,1,IN09A006,IN09A006_L,gaba,DNg100,DNg100_R
801234,10056,1,1,Ti extensor MN,Ti extensor MN_L,unclear,DNg100,DNg100_R
801235,10056,1,1,IN01A015,IN01A015_R,acetylcholine,DNg100,DNg100_R
801302,10056,1,1,IN10B002,IN10B002_R,acetylcholine,DNg100,DNg100_R
801303,10056,1,0,IN20A.22A064,IN20A.22A064_L,acetylcholine,DNg100,DNg100_R
801327,10056,1,1,IN09B022,IN09B022_R,glutamate,DNg100,DNg100_R
801384,10056,1,1,IN03B036,IN03B036_R,gaba,DNg100,DNg100_R
801443,10056,1,0,IN03B016,IN03B016_L,gaba,DNg100,DNg100_R
801562,10056,1,1,DNge088,DNge088_R,glutamate,DNg100,DNg100_R
801568,10056,1,1,IN19A024,IN19A024_L,gaba,DNg100,DNg100_R
801646,10056,1,0,IN01A005,IN01A005_R,acetylcholine,DNg100,DNg100_R
802062,10056,1,0,IN12A003,IN12A003_L,acetylcholine,DNg100,DNg100_R
802082,10056,1,1,IN14A009,IN14A009_R,glutamate,DNg100,DNg100_R
802126,10056,1,1,AN10B008,AN10B008_R,acetylcholine,DNg100,DNg100_R
802197,10056,1,0,IN21A020,IN21A020_L,acetylcholine,DNg100,DNg100_R
802310,10056,1,1,IN18B038,IN18B038_R,acetylcholine,DNg100,DNg100_R
802408,10056,1,1,IN12B088,IN12B088_R,gaba,DNg100,DNg100_R
802470,10056,1,0,IN12B013,IN12B013_L,gaba,DNg100,DNg100_R
802743,10056,1,1,IN01A015,IN01A015_R,acetylcholine,DNg100,DNg100_R
802836,10056,1,1,IN14A014,IN14A014_R,glutamate,DNg100,DNg100_R
802884,10056,1,1,IN19B013,IN19B013_R,acetylcholine,DNg100,DNg100_R
802964,10056,1,1,Sternal posterior rotator MN,Sternal posterior rotator MN_L,unclear,DNg100,DNg100_R
803001,10056,1,0,IN01A025,IN01A025_R,acetylcholine,DNg100,DNg100_R
803039,10056,1,1,INXXX471,INXXX471_L,gaba,DNg100,DNg100_R
803184,10056,1,1,INXXX083,INXXX083_L,acetylcholine,DNg100,DNg100_R
803330,10056,1,0,IN02A020,IN02A020_L,glutamate,DNg100,DNg100_R
803385,10056,1,1,IN03A039,IN03A039_L,acetylcholine,DNg100,DNg100_R
803422,10056,1,0,IN01A035,IN01A035_R,acetylcholine,DNg100,DNg100_R
803476,10056,1,0,IN19B050,IN19B050_L,acetylcholine,DNg100,DNg100_R
803598,10056,1,0,IN03A045,IN03A045_L,acetylcholine,DNg100,DNg100_R
803648,10056,1,1,IN04B071,IN04B071_L,acetylcholine,DNg100,DNg100_R
803705,10056,1,1,IN11A003,IN11A003_L,acetylcholine,DNg100,DNg100_R
803901,10056,1,0,IN21A022,IN21A022_L,acetylcholine,DNg100,DNg100_R
804223,10056,1,1,IN14A014,IN14A014_R,glutamate,DNg100,DNg100_R
804540,10056,1,0,IN19A026,IN19A026_L,gaba,DNg100,DNg100_R
804551,10056,1,1,IN01A025,IN01A025_R,acetylcholine,DNg100,DNg100_R
804687,10056,1,0,IN08B045,IN08B045_R,acetylcholine,DNg100,DNg100_R
805154,10056,1,0,IN01A026,IN01A026_R,acetylcholine,DNg100,DNg100_R
805185,10056,1,1,IN00A017,IN00A017_M,unclear,DNg100,DNg100_R
805229,10056,1,1,IN27X003,IN27X003_L,unclear,DNg100,DNg100_R
805266,10056,1,0,IN13B028,IN13B028_R,gaba,DNg100,DNg100_R
805365,10056,1,1,IN11A021,IN11A021_L,acetylcholine,DNg100,DNg100_R
805431,10056,1,0,IN04B032,IN04B032_L,acetylcholine,DNg100,DNg100_R
805710,10056,1,1,IN12A027,IN12A027_L,acetylcholine,DNg100,DNg100_R
805840,10056,1,0,IN20A.22A024,IN20A.22A024_L,acetylcholine,DNg100,DNg100_R
805915,10056,1,0,IN01A078,IN01A078_R,acetylcholine,DNg100,DNg100_R
805966,10056,1,1,IN08B068,IN08B068_L,acetylcholine,DNg100,DNg100_R
806820,10056,1,1,IN21A049,IN21A049_L,glutamate,DNg100,DNg100_R
807126,10056,1,1,IN08B055,IN08B055_R,acetylcholine,DNg100,DNg100_R
807194,10056,1,0,IN13B033,IN13B033_R,gaba,DNg100,DNg100_R
807457,10056,1,1,IN16B085,IN16B085_L,glutamate,DNg100,DNg100_R
807576,10056,1,1,IN16B075_a,IN16B075_a_L,glutamate,DNg100,DNg100_R
807585,10056,1,1,IN12B025,IN12B025_R,gaba,DNg100,DNg100_R
807600,10056,1,1,IN01A057,IN01A057_L,acetylcholine,DNg100,DNg100_R
807793,10056,1,0,IN08B092,IN08B092_L,acetylcholine,DNg100,DNg100_R
808001,10056,1,1,IN13A046,IN13A046_L,gaba,DNg100,DNg100_R
808005,10056,1,1,IN20A.22A043,IN20A.22A043_L,acetylcholine,DNg100,DNg100_R
808232,10056,1,0,IN04B112,IN04B112_L,acetylcholine,DNg100,DNg100_R
808485,10056,1,1,IN04B092,IN04B092_L,acetylcholine,DNg100,DNg100_R
808872,10056,1,1,IN16B077,IN16B077_L,glutamate,DNg100,DNg100_R
808947,10056,1,1,IN13A042,IN13A042_L,gaba,DNg100,DNg100_R
809066,10056,1,0,IN13A042,IN13A042_L,gaba,DNg100,DNg100_R
809329,10056,1,1,IN09A076,IN09A076_L,gaba,DNg100,DNg100_R
809423,10056,1,1,AN07B062,AN07B062_R,acetylcholine,DNg100,DNg100_R
810146,10056,1,1,IN01A062_c,IN01A062_c_R,acetylcholine,DNg100,DNg100_R
816438,10056,1,1,IN09A071,IN09A071_L,gaba,DNg100,DNg100_R
818993,10056,1,1,EN00B026,EN00B026_M,octopamine,DNg100,DNg100_R
819028,10056,1,1,IN09A006,IN09A006_L,gaba,DNg100,DNg100_R
820533,10056,1,1,IN13A046,IN13A046_L,gaba,DNg100,DNg100_R
820632,10056,1,1,MNml80,MNml80_L,glutamate,DNg100,DNg100_R
902287,10056,1,0,IN20A.22A069,IN20A.22A069_L,acetylcholine,DNg100,DNg100_R
902423,10056,1,1,IN01A025,IN01A025_R,acetylcholine,DNg100,DNg100_R
902445,10056,1,0,IN18B009,IN18B009_R,acetylcholine,DNg100,DNg100_R
902491,10056,1,1,IN19A020,IN19A020_L,gaba,DNg100,DNg100_R
902667,10056,1,1,IN16B016,IN16B016_L,glutamate,DNg100,DNg100_R
902710,10056,1,1,IN16B118,IN16B118_L,glutamate,DNg100,DNg100_R
903139,10056,1,1,IN16B036,IN16B036_L,glutamate,DNg100,DNg100_R
903238,10056,1,1,IN20A.22A033,IN20A.22A033_L,acetylcholine,DNg100,DNg100_R
903361,10056,1,0,IN06B056,IN06B056_R,gaba,DNg100,DNg100_R
903366,10056,1,0,IN16B016,IN16B016_L,glutamate,DNg100,DNg100_R
903442,10056,1,0,,,acetylcholine,DNg100,DNg100_R
903466,10056,1,1,ANXXX023,ANXXX023_R,acetylcholine,DNg100,DNg100_R
903739,10056,1,0,IN12B051,IN12B051_R,gaba,DNg100,DNg100_R
903819,10056,1,1,IN08B001,IN08B001_R,acetylcholine,DNg100,DNg100_R
903855,10056,1,1,IN08B004,IN08B004_R,acetylcholine,DNg100,DNg100_R
903990,10056,1,0,IN01A012,IN01A012_R,acetylcholine,DNg100,DNg100_R
905174,10056,1,0,IN06A117,IN06A117_L,gaba,DNg100,DNg100_R
905507,10056,1,1,INXXX258,INXXX258_R,gaba,DNg100,DNg100_R
905990,10056,1,1,IN20A.22A011,IN20A.22A011_L,acetylcholine,DNg100,DNg100_R
906521,10056,1,0,IN19B109,IN19B109_R,acetylcholine,DNg100,DNg100_R
908011,10056,1,1,IN20A.22A043,IN20A.22A043_L,acetylcholine,DNg100,DNg100_R
908571,10056,1,0,IN04B037,IN04B037_L,acetylcholine,DNg100,DNg100_R
908657,10056,1,0,IN04B027,IN04B027_L,acetylcholine,DNg100,DNg100_R
908763,10056,1,1,IN20A.22A060,IN20A.22A060_L,acetylcholine,DNg100,DNg100_R
908883,10056,1,1,IN12B036,IN12B036_R,gaba,DNg100,DNg100_R
909169,10056,1,0,IN13B066,IN13B066_R,gaba,DNg100,DNg100_R
909410,10056,1,1,IN06B064,IN06B064_R,gaba,DNg100,DNg100_R
909435,10056,1,1,IN06B056,IN06B056_R,gaba,DNg100,DNg100_R
909557,10056,1,1,IN09A064,IN09A064_L,gaba,DNg100,DNg100_R
913931,10056,1,1,IN10B003,IN10B003_R,acetylcholine,DNg100,DNg100_R
919551,10056,1,1,IN16B029,IN16B029_L,glutamate,DNg100,DNg100_R
929612,10056,1,0,INXXX464,INXXX464_L,acetylcholine,DNg100,DNg100_R
933282,10056,1,1,IN13A049,IN13A049_L,gaba,DNg100,DNg100_R
933867,10056,1,0,IN16B030,IN16B030_L,glutamate,DNg100,DNg100_R
934908,10056,1,0,INXXX363,INXXX363_L,gaba,DNg100,DNg100_R
