kind,pre_id,post_id,w_signed,w_abs,synapse_count
only_authors,10159,156915,-8.0,8.0,
only_authors,10317,163093,-5.0,5.0,
only_authors,10429,199616,-8.0,8.0,
only_authors,10707,47439,10.0,10.0,
only_authors,10748,50201,-5.0,5.0,
only_authors,10819,38148,8.0,8.0,
only_authors,10941,47439,9.0,9.0,
only_authors,10956,47439,-22.0,22.0,
only_authors,10962,38148,5.0,5.0,
only_authors,11155,156915,16.0,16.0,
only_authors,11180,51924,-16.0,16.0,
only_authors,11202,38148,6.0,6.0,
only_authors,11305,199616,-9.0,9.0,
only_authors,11320,47439,6.0,6.0,
only_authors,11347,53732,-5.0,5.0,
only_authors,11537,199616,-7.0,7.0,
only_authors,11568,50201,6.0,6.0,
only_authors,11648,38148,9.0,9.0,
only_authors,11870,38148,5.0,5.0,
only_authors,11930,50201,8.0,8.0,
only_authors,11959,50201,-7.0,7.0,
only_authors,11979,49732,-27.0,27.0,
only_authors,12137,156915,6.0,6.0,
only_authors,12143,47439,6.0,6.0,
only_authors,12459,50201,5.0,5.0,
only_authors,13426,47439,-7.0,7.0,
only_authors,13510,156915,20.0,20.0,
only_authors,13795,38148,-5.0,5.0,
only_authors,13973,199616,-6.0,6.0,
only_authors,14087,38148,5.0,5.0,
only_authors,14350,38148,12.0,12.0,
only_authors,14681,129004,-7.0,7.0,
only_authors,14924,50201,7.0,7.0,
only_authors,15176,156915,11.0,11.0,
only_authors,16221,42683,-9.0,9.0,
only_authors,16261,50201,5.0,5.0,
only_authors,16702,42683,-17.0,17.0,
only_authors,17061,38148,29.0,29.0,
only_authors,18033,38148,13.0,13.0,
only_authors,20213,42683,-5.0,5.0,
only_authors,24359,199616,-5.0,5.0,
only_authors,24827,49732,6.0,6.0,
only_authors,25665,42683,5.0,5.0,
only_authors,26289,199616,5.0,5.0,
only_authors,26426,44461,5.0,5.0,
only_authors,26771,199616,6.0,6.0,
only_authors,27790,49732,6.0,6.0,
only_authors,30138,49732,5.0,5.0,
only_authors,30313,199616,8.0,8.0,
only_authors,32174,49732,8.0,8.0,
only_authors,33418,49732,8.0,8.0,
only_authors,33779,49732,7.0,7.0,
only_authors,33998,49732,5.0,5.0,
only_authors,34273,49732,9.0,9.0,
only_authors,34932,49732,5.0,5.0,
only_authors,35586,49732,5.0,5.0,
only_authors,35593,49732,6.0,6.0,
only_authors,35729,49732,7.0,7.0,
only_authors,36176,49732,5.0,5.0,
only_authors,36426,49732,6.0,6.0,
only_authors,36795,49732,-6.0,6.0,
only_authors,37349,199616,7.0,7.0,
only_authors,37559,163093,5.0,5.0,
only_authors,38148,10159,7.0,7.0,
only_authors,38148,10959,6.0,6.0,
only_authors,38724,199616,6.0,6.0,
only_authors,38975,49732,10.0,10.0,
only_authors,42548,199616,5.0,5.0,
only_authors,42683,10018,10.0,10.0,
only_authors,42683,10125,6.0,6.0,
only_authors,42683,10429,5.0,5.0,
only_authors,42683,10540,6.0,6.0,
only_authors,42683,10580,13.0,13.0,
only_authors,42683,11369,19.0,19.0,
only_authors,42683,11754,44.0,44.0,
only_authors,42683,14660,16.0,16.0,
only_authors,42683,14692,20.0,20.0,
only_authors,42683,14701,5.0,5.0,
only_authors,42683,14822,11.0,11.0,
only_authors,42683,16383,9.0,9.0,
only_authors,42683,23038,7.0,7.0,
only_authors,42683,23139,5.0,5.0,
only_authors,42683,23514,8.0,8.0,
only_authors,42683,23885,9.0,9.0,
only_authors,42683,24493,9.0,9.0,
only_authors,42683,24693,5.0,5.0,
only_authors,42683,34285,9.0,9.0,
only_authors,42683,101676,8.0,8.0,
only_authors,42898,199616,7.0,7.0,
only_authors,43859,199616,5.0,5.0,
only_authors,44461,17068,-5.0,5.0,
only_authors,45132,199616,11.0,11.0,
only_authors,46042,199616,5.0,5.0,
only_authors,47109,10146,-11.0,11.0,
only_authors,47109,10168,-7.0,7.0,
only_authors,47109,10302,-6.0,6.0,
only_authors,47109,10483,-15.0,15.0,
only_authors,47109,10569,-13.0,13.0,
only_authors,47109,10911,-80.0,80.0,
only_authors,47109,10935,-10.0,10.0,
only_authors,47109,11111,-10.0,10.0,
only_authors,47109,11225,-5.0,5.0,
only_authors,47109,11315,-99.0,99.0,
only_authors,47109,11369,-5.0,5.0,
only_authors,47109,12106,-6.0,6.0,
only_authors,47109,12336,-5.0,5.0,
only_authors,47109,14243,-10.0,10.0,
only_authors,47109,14666,-10.0,10.0,
only_authors,47109,14704,-17.0,17.0,
only_authors,47109,17166,-11.0,11.0,
only_authors,47109,18237,-7.0,7.0,
only_authors,47109,19728,-7.0,7.0,
only_authors,47109,19792,-6.0,6.0,
only_authors,47109,20005,-28.0,28.0,
only_authors,47109,23172,-7.0,7.0,
only_authors,47109,26370,-11.0,11.0,
only_authors,47109,32462,-8.0,8.0,
only_authors,47109,35435,-13.0,13.0,
only_authors,47109,100656,-7.0,7.0,
only_authors,47109,158960,-6.0,6.0,
only_authors,47109,165657,-6.0,6.0,
only_authors,47109,174978,-7.0,7.0,
only_authors,49732,11055,-10.0,10.0,
only_authors,49732,12673,-13.0,13.0,
only_authors,49732,13187,-14.0,14.0,
only_authors,49732,13416,-9.0,9.0,
only_authors,50201,11237,-5.0,5.0,
only_authors,50201,12139,-7.0,7.0,
only_authors,51924,11003,7.0,7.0,
only_authors,51924,11484,5.0,5.0,
only_authors,51924,12134,5.0,5.0,
only_authors,51924,12285,5.0,5.0,
only_authors,51924,18394,8.0,8.0,
only_authors,51924,24573,5.0,5.0,
only_authors,53732,16525,-5.0,5.0,
only_authors,62688,10479,-5.0,5.0,
only_authors,62688,11169,-5.0,5.0,
only_authors,62688,11225,-11.0,11.0,
only_authors,62688,12532,-6.0,6.0,
only_authors,62688,15124,-7.0,7.0,
only_authors,62688,19064,-5.0,5.0,
only_authors,62688,23713,-5.0,5.0,
only_authors,62688,24401,-14.0,14.0,
only_authors,62688,100121,-6.0,6.0,
only_authors,62688,101105,-9.0,9.0,
only_authors,66425,11320,-5.0,5.0,
only_authors,66425,12134,-16.0,16.0,
only_authors,66425,13944,-7.0,7.0,
only_authors,66425,16963,-6.0,6.0,
only_authors,66425,162539,-6.0,6.0,
only_authors,78726,10154,-11.0,11.0,
only_authors,78726,11415,-7.0,7.0,
only_authors,78726,11688,-9.0,9.0,
only_authors,78726,13176,-5.0,5.0,
only_authors,78726,13300,-5.0,5.0,
only_authors,78726,28449,-5.0,5.0,
only_authors,78726,100564,-5.0,5.0,
only_authors,86156,16757,-6.0,6.0,
only_authors,109912,10773,-5.0,5.0,
only_authors,109912,12467,-7.0,7.0,
only_authors,109912,15931,-9.0,9.0,
only_authors,109912,16285,-8.0,8.0,
only_authors,109912,23724,-5.0,5.0,
only_authors,113393,10414,-7.0,7.0,
only_authors,113393,11159,-5.0,5.0,
only_authors,113393,12764,-9.0,9.0,
only_authors,113393,13647,-5.0,5.0,
only_authors,113393,14698,-5.0,5.0,
only_authors,113393,17095,-5.0,5.0,
only_authors,113393,22114,-9.0,9.0,
only_authors,113393,50648,-5.0,5.0,
only_authors,129004,10423,-6.0,6.0,
only_authors,129004,10487,-14.0,14.0,
only_authors,129004,10560,-5.0,5.0,
only_authors,129004,10822,-7.0,7.0,
only_authors,129004,14681,-20.0,20.0,
only_authors,129004,19875,-5.0,5.0,
only_authors,129004,20461,-7.0,7.0,
only_authors,129004,22661,-7.0,7.0,
only_authors,129004,23705,-6.0,6.0,
only_authors,129004,24476,-6.0,6.0,
only_authors,129004,27142,-5.0,5.0,
only_authors,129004,31890,-6.0,6.0,
only_authors,129004,162992,-6.0,6.0,
only_authors,129004,166524,-17.0,17.0,
only_authors,156915,10142,-5.0,5.0,
only_authors,156915,10159,-6.0,6.0,
only_authors,156915,11611,-6.0,6.0,
only_authors,156915,12875,-7.0,7.0,
only_authors,163093,10317,-10.0,10.0,
only_authors,163093,12650,-13.0,13.0,
only_authors,163093,14774,-7.0,7.0,
only_authors,163093,17293,-5.0,5.0,
only_authors,163093,19366,-5.0,5.0,
only_authors,171968,10373,-8.0,8.0,
only_authors,171968,11363,-13.0,13.0,
only_authors,171968,11886,-5.0,5.0,
only_authors,171968,19044,-14.0,14.0,
only_authors,171968,19716,-6.0,6.0,
only_authors,171968,25338,-6.0,6.0,
only_authors,171968,26681,-8.0,8.0,
only_authors,171968,27420,-5.0,5.0,
only_authors,199616,19639,-9.0,9.0,
only_authors,199616,26289,-13.0,13.0,
only_authors,199616,27866,-6.0,6.0,
only_authors,199616,30313,-10.0,10.0,
only_authors,199616,37204,-6.0,6.0,
only_authors,199616,38724,-8.0,8.0,
only_authors,199616,40881,-5.0,5.0,
only_authors,199616,42898,-5.0,5.0,
only_authors,199616,163823,-6.0,6.0,
only_authors,199616,177617,-6.0,6.0,
only_authors,21560012279,11369,-7.0,7.0,
only_authors,21560012279,14108,-5.0,5.0,
only_authors,21560012279,16681,-7.0,7.0,
only_authors,21560012279,17102,-7.0,7.0,
only_authors,21560012279,62759,-5.0,5.0,
only_authors,21560012279,100128,-6.0,6.0,
only_authors,21560012279,156615,-6.0,6.0,
only_authors,21560012279,157196,-6.0,6.0,
only_authors,21560012279,163046,-5.0,5.0,
only_authors,40077666240,10956,-11.0,11.0,
only_authors,40077666240,12919,-10.0,10.0,
only_authors,40077666240,100351,-5.0,5.0,
only_authors,40077666240,153203,-6.0,6.0,
only_authors,40077666240,166284,-5.0,5.0,
only_brainir,10361,11446,,,8.0
only_brainir,15244,10598,,,6.0
only_brainir,15244,11033,,,8.0
only_brainir,15244,13350,,,5.0
only_brainir,15244,13563,,,12.0
only_brainir,15244,23937,,,6.0
only_brainir,23937,11033,,,6.0
only_brainir,23937,15244,,,10.0
