edge,v1.0_pre,v1.0_post,v1.0_synapses_all,v1.0_synapses_VNC,v1.0_signed_VNC,paper_signed_(answer_key),paper_matrix_value,abs_diff_VNC_vs_paper
DNg100->E1,10056,800173,155,155,155,155,155.0,0
E1->E2,800173,800863,465,465,465,465,465.0,0
E2->E1,800863,800173,11,11,11,11,11.0,0
E1->I1,800173,801884,6,6,6,6,6.0,0
E2->I1,800863,801884,38,38,38,38,38.0,0
I1->E1,801884,800173,526,526,-526,-526,-526.0,0
I1->E2,801884,800863,121,121,-121,-121,-121.0,0
E1->I2,800173,800374,84,84,84,84,84.0,0
E2->I2,800863,800374,215,215,215,215,215.0,0
I2->E1,800374,800173,328,328,-328,-328,-328.0,0
I2->E2,800374,800863,56,56,-56,-56,-56.0,0
E2->E3,800863,800216,358,358,358,358,358.0,0
E3->I2,800216,800374,187,187,187,187,187.0,0
