position,source_id
0,10001
1,10010
2,10026
3,10030
4,10033
5,10038
6,10045
7,10048
8,10054
9,10056
10,10059
11,10063
12,10065
13,10071
14,10090
15,10091
16,10104
17,10106
18,10117
19,10118
20,10123
21,10124
22,10131
23,10141
24,10143
25,10151
26,10160
27,10162
28,10163
29,10177
30,10180
31,10192
32,10195
33,10197
34,10213
35,10216
36,10218
37,10221
38,10223
39,10228
40,10234
41,10236
42,10237
43,10244
44,10245
45,10247
46,10249
47,10259
48,10264
49,10274
50,10280
51,10281
52,10283
53,10286
54,10295
55,10296
56,10301
57,10304
58,10336
59,10341
60,10342
61,10354
62,10360
63,10361
64,10366
65,10377
66,10379
67,10384
68,10388
69,10394
70,10411
71,10416
72,10417
73,10425
74,10433
75,10440
76,10442
77,10444
78,10446
79,10447
80,10449
81,10458
82,10460
83,10464
84,10469
85,10482
86,10499
87,10504
88,10506
89,10512
90,10520
91,10527
92,10535
93,10536
94,10543
95,10544
96,10548
97,10552
98,10558
99,10562
100,10575
101,10577
102,10578
103,10580
104,10581
105,10582
106,10584
107,10587
108,10589
109,10590
110,10601
111,10643
112,10649
113,10654
114,10662
115,10664
116,10668
117,10671
118,10672
119,10674
120,10676
121,10680
122,10686
123,10700
124,10703
125,10705
126,10706
127,10710
128,10711
129,10712
130,10713
131,10717
132,10724
133,10727
134,10732
135,10734
136,10739
137,10740
138,10752
139,10759
140,10760
141,10763
142,10765
143,10770
144,10783
145,10800
146,10805
147,10810
148,10813
149,10822
150,10823
151,10833
152,10834
153,10837
154,10838
155,10840
156,10842
157,10844
158,10846
159,10853
160,10856
161,10873
162,10884
163,10885
164,10888
165,10895
166,10922
167,10923
168,10924
169,10930
170,10931
171,10952
172,10957
173,10959
174,10967
175,10968
176,10971
177,10975
178,10976
179,10979
180,10985
181,10989
182,11002
183,11006
184,11020
185,11028
186,11036
187,11048
188,11057
189,11063
190,11065
191,11066
192,11067
193,11072
194,11074
195,11075
196,11078
197,11088
198,11097
199,11098
200,11103
201,11111
202,11116
203,11127
204,11131
205,11133
206,11137
207,11158
208,11159
209,11160
210,11172
211,11173
212,11177
213,11179
214,11182
215,11198
216,11201
217,11204
218,11215
219,11222
220,11223
221,11232
222,11233
223,11239
224,11241
225,11246
226,11251
227,11256
228,11257
229,11258
230,11259
231,11261
232,11288
233,11290
234,11297
235,11298
236,11302
237,11304
238,11310
239,11314
240,11332
241,11334
242,11352
243,11365
244,11373
245,11374
246,11380
247,11392
248,11410
249,11411
250,11420
251,11421
252,11424
253,11425
254,11427
255,11438
256,11458
257,11459
258,11466
259,11475
260,11479
261,11482
262,11486
263,11491
264,11500
265,11502
266,11505
267,11508
268,11513
269,11527
270,11540
271,11554
272,11563
273,11573
274,11575
275,11596
276,11598
277,11600
278,11610
279,11613
280,11614
281,11625
282,11632
283,11647
284,11653
285,11657
286,11662
287,11674
288,11676
289,11687
290,11693
291,11704
292,11706
293,11713
294,11724
295,11737
296,11739
297,11742
298,11765
299,11770
300,11797
301,11814
302,11820
303,11821
304,11830
305,11846
306,11851
307,11859
308,11872
309,11876
310,11881
311,11889
312,11916
313,11931
314,11944
315,11948
316,11951
317,11955
318,11961
319,11965
320,11970
321,11986
322,12000
323,12027
324,12030
325,12038
326,12039
327,12043
328,12044
329,12069
330,12075
331,12085
332,12089
333,12092
334,12102
335,12133
336,12134
337,12136
338,12151
339,12169
340,12170
341,12175
342,12177
343,12179
344,12188
345,12189
346,12210
347,12214
348,12218
349,12219
350,12222
351,12223
352,12224
353,12238
354,12239
355,12249
356,12256
357,12266
358,12299
359,12306
360,12307
361,12325
362,12348
363,12362
364,12364
365,12374
366,12378
367,12386
368,12389
369,12393
370,12394
371,12405
372,12407
373,12421
374,12422
375,12435
376,12443
377,12447
378,12451
379,12453
380,12465
381,12470
382,12480
383,12484
384,12485
385,12490
386,12492
387,12493
388,12512
389,12516
390,12520
391,12550
392,12581
393,12583
394,12587
395,12590
396,12601
397,12610
398,12619
399,12620
400,12621
401,12622
402,12628
403,12635
404,12647
405,12665
406,12670
407,12675
408,12687
409,12705
410,12707
411,12714
412,12743
413,12750
414,12752
415,12753
416,12762
417,12767
418,12771
419,12775
420,12781
421,12787
422,12788
423,12794
424,12801
425,12818
426,12821
427,12831
428,12843
429,12850
430,12860
431,12869
432,12874
433,12885
434,12886
435,12894
436,12941
437,12944
438,12976
439,12982
440,12995
441,13006
442,13008
443,13022
444,13030
445,13034
446,13045
447,13047
448,13065
449,13092
450,13096
451,13104
452,13130
453,13133
454,13135
455,13137
456,13176
457,13178
458,13186
459,13188
460,13212
461,13218
462,13229
463,13245
464,13249
465,13254
466,13268
467,13278
468,13295
469,13317
470,13348
471,13364
472,13366
473,13378
474,13403
475,13410
476,13432
477,13442
478,13443
479,13444
480,13445
481,13492
482,13499
483,13507
484,13508
485,13509
486,13514
487,13525
488,13538
489,13539
490,13568
491,13570
492,13578
493,13585
494,13586
495,13615
496,13622
497,13624
498,13625
499,13627
500,13633
501,13638
502,13649
503,13652
504,13656
505,13685
506,13700
507,13714
508,13743
509,13745
510,13758
511,13759
512,13771
513,13795
514,13803
515,13805
516,13815
517,13826
518,13852
519,13854
520,13857
521,13873
522,13888
523,13891
524,13922
525,13952
526,13964
527,13978
528,13994
529,13996
530,14016
531,14029
532,14034
533,14046
534,14048
535,14067
536,14081
537,14096
538,14098
539,14114
540,14121
541,14141
542,14151
543,14152
544,14154
545,14157
546,14213
547,14214
548,14234
549,14239
550,14247
551,14249
552,14264
553,14265
554,14271
555,14278
556,14306
557,14328
558,14332
559,14357
560,14375
561,14379
562,14387
563,14399
564,14421
565,14432
566,14446
567,14484
568,14498
569,14501
570,14537
571,14554
572,14561
573,14569
574,14686
575,14707
576,14793
577,14801
578,14804
579,14832
580,14846
581,14854
582,14885
583,14887
584,14936
585,14950
586,14952
587,14964
588,14970
589,14976
590,14989
591,15014
592,15024
593,15028
594,15047
595,15063
596,15064
597,15065
598,15072
599,15105
600,15148
601,15156
602,15188
603,15190
604,15201
605,15254
606,15286
607,15306
608,15326
609,15347
610,15394
611,15442
612,15448
613,15450
614,15454
615,15483
616,15491
617,15502
618,15503
619,15509
620,15550
621,15559
622,15568
623,15575
624,15639
625,15653
626,15667
627,15673
628,15681
629,15705
630,15720
631,15740
632,15749
633,15751
634,15760
635,15796
636,15800
637,15811
638,15821
639,15825
640,15835
641,15847
642,15857
643,15906
644,15939
645,15945
646,15988
647,15995
648,16078
649,16079
650,16086
651,16098
652,16118
653,16130
654,16191
655,16221
656,16257
657,16307
658,16369
659,16399
660,16458
661,16471
662,16536
663,16542
664,16593
665,16623
666,16675
667,16701
668,16703
669,16712
670,16731
671,16741
672,16746
673,16829
674,16856
675,16864
676,16878
677,16935
678,16942
679,16994
680,17019
681,17093
682,17101
683,17120
684,17179
685,17198
686,17199
687,17210
688,17211
689,17253
690,17331
691,17333
692,17367
693,17373
694,17382
695,17386
696,17471
697,17490
698,17510
699,17522
700,17555
701,17628
702,17695
703,17713
704,17727
705,17739
706,17757
707,17967
708,18054
709,18072
710,18110
711,18122
712,18134
713,18159
714,18183
715,18229
716,18265
717,18279
718,18366
719,18532
720,18556
721,18562
722,18568
723,18607
724,18616
725,18626
726,18714
727,19030
728,19038
729,19084
730,19124
731,19206
732,19214
733,19217
734,19247
735,19268
736,19428
737,19441
738,19450
739,19455
740,19489
741,19570
742,19573
743,19612
744,19631
745,19633
746,19664
747,19691
748,19749
749,19753
750,19773
751,19871
752,19946
753,19960
754,19962
755,19994
756,20051
757,20054
758,20102
759,20129
760,20131
761,20185
762,20216
763,20234
764,20288
765,20289
766,20354
767,20408
768,20414
769,20418
770,20473
771,20515
772,20531
773,20636
774,20643
775,20644
776,20691
777,20743
778,20745
779,20753
780,20769
781,20774
782,20788
783,20821
784,20831
785,20849
786,20886
787,20923
788,20977
789,21027
790,21031
791,21122
792,21146
793,21149
794,21155
795,21278
796,21360
797,21403
798,21428
799,21533
800,21578
801,21581
802,21589
803,21624
804,21668
805,21712
806,21743
807,21763
808,21863
809,21929
810,22012
811,22024
812,22033
813,22058
814,22080
815,22087
816,22128
817,22158
818,22190
819,22210
820,22247
821,22319
822,22356
823,22390
824,22393
825,22404
826,22432
827,22462
828,22474
829,22499
830,22564
831,22596
832,22627
833,22645
834,22692
835,22757
836,22758
837,22916
838,22931
839,23188
840,23323
841,23341
842,23411
843,23412
844,23498
845,23667
846,23685
847,23715
848,23747
849,23797
850,23819
851,23882
852,23891
853,23892
854,23953
855,23960
856,24038
857,24043
858,24058
859,24133
860,24184
861,24232
862,24350
863,24354
864,24374
865,24517
866,24522
867,24540
868,24593
869,24619
870,24657
871,24666
872,24700
873,24752
874,24880
875,24961
876,24966
877,24975
878,24987
879,25046
880,25076
881,25153
882,25179
883,25180
884,25188
885,25205
886,25249
887,25283
888,25357
889,25455
890,25461
891,25465
892,25474
893,25504
894,25535
895,25589
896,25634
897,25802
898,25819
899,25844
900,25848
901,25852
902,25861
903,25876
904,25983
905,25985
906,26049
907,26066
908,26079
909,26088
910,26182
911,26232
912,26278
913,26385
914,26441
915,26512
916,26587
917,26591
918,26636
919,26644
920,26652
921,26661
922,26671
923,26672
924,26680
925,26687
926,26743
927,26824
928,27001
929,27041
930,27079
931,27113
932,27118
933,27135
934,27143
935,27144
936,27170
937,27254
938,27373
939,27437
940,27490
941,27525
942,27598
943,27607
944,27615
945,27626
946,27715
947,27735
948,27792
949,27797
950,27800
951,27859
952,27952
953,28000
954,28001
955,28084
956,28131
957,28152
958,28288
959,28414
960,28450
961,28519
962,28579
963,28602
964,28678
965,28756
966,28905
967,28940
968,28949
969,28961
970,29086
971,29158
972,29188
973,29242
974,29310
975,29594
976,29609
977,29639
978,29685
979,29867
980,29934
981,30016
982,30161
983,30228
984,30231
985,30465
986,30581
987,30624
988,30664
989,30777
990,30827
991,30837
992,30904
993,30929
994,31059
995,31103
996,31227
997,31264
998,31298
999,31327
1000,31338
1001,31381
1002,31407
1003,31421
1004,31474
1005,31609
1006,31641
1007,31760
1008,31769
1009,31790
1010,31825
1011,31896
1012,31932
1013,32016
1014,32127
1015,32166
1016,32263
1017,32288
1018,32413
1019,32464
1020,32556
1021,32680
1022,32832
1023,32961
1024,33007
1025,33037
1026,33116
1027,33220
1028,33238
1029,33333
1030,33335
1031,33358
1032,33424
1033,33710
1034,33788
1035,33829
1036,33851
1037,33876
1038,33892
1039,33905
1040,34023
1041,34031
1042,34162
1043,34292
1044,34332
1045,34468
1046,34474
1047,34569
1048,34590
1049,34664
1050,34830
1051,34887
1052,35233
1053,35345
1054,35398
1055,35441
1056,35469
1057,35519
1058,35630
1059,35988
1060,36102
1061,36260
1062,36263
1063,36379
1064,36541
1065,36593
1066,36623
1067,36631
1068,36667
1069,36671
1070,36691
1071,36930
1072,37025
1073,37098
1074,37135
1075,37163
1076,37212
1077,37217
1078,37310
1079,37406
1080,37422
1081,37683
1082,37686
1083,38035
1084,38064
1085,38191
1086,38416
1087,38465
1088,38757
1089,38781
1090,38796
1091,38848
1092,38926
1093,39071
1094,39130
1095,39143
1096,39248
1097,39283
1098,39376
1099,39558
1100,39565
1101,39640
1102,39735
1103,39774
1104,39852
1105,39880
1106,39887
1107,40001
1108,40157
1109,40361
1110,40447
1111,40549
1112,40683
1113,40700
1114,40701
1115,40773
1116,40792
1117,40877
1118,40934
1119,40959
1120,41319
1121,41346
1122,41951
1123,41969
1124,42051
1125,42088
1126,42102
1127,42125
1128,42178
1129,42465
1130,42580
1131,42780
1132,43436
1133,43649
1134,43682
1135,43716
1136,43839
1137,44319
1138,44502
1139,44826
1140,44836
1141,44847
1142,44887
1143,44917
1144,44952
1145,44980
1146,45501
1147,45757
1148,45906
1149,45915
1150,46011
1151,46240
1152,46348
1153,46380
1154,46578
1155,46875
1156,47102
1157,47277
1158,47285
1159,47383
1160,47402
1161,47409
1162,47693
1163,48408
1164,48565
1165,48618
1166,48924
1167,49210
1168,49246
1169,49310
1170,49624
1171,49690
1172,50107
1173,50664
1174,50881
1175,50992
1176,51024
1177,51188
1178,52665
1179,52770
1180,53514
1181,53588
1182,53821
1183,54021
1184,54115
1185,54278
1186,55021
1187,55370
1188,55428
1189,55451
1190,55546
1191,55576
1192,55763
1193,55795
1194,56057
1195,56138
1196,56214
1197,56587
1198,56630
1199,56710
1200,57776
1201,58156
1202,58229
1203,58609
1204,58772
1205,59703
1206,62405
1207,62760
1208,63287
1209,63441
1210,63539
1211,63701
1212,64315
1213,65170
1214,65465
1215,66284
1216,66800
1217,67239
1218,67529
1219,67982
1220,68005
1221,69173
1222,69409
1223,70636
1224,71282
1225,71940
1226,73753
1227,74183
1228,74561
1229,75379
1230,75729
1231,75754
1232,76985
1233,77107
1234,77693
1235,78114
1236,78641
1237,79943
1238,80212
1239,80727
1240,82411
1241,82880
1242,83661
1243,84268
1244,85538
1245,88070
1246,88392
1247,90051
1248,90235
1249,90683
1250,92936
1251,93227
1252,93812
1253,93982
1254,94838
1255,95022
1256,95106
1257,95862
1258,96106
1259,96166
1260,97614
1261,97980
1262,98227
1263,98764
1264,99955
1265,100059
1266,101889
1267,103156
1268,104547
1269,106355
1270,113166
1271,113323
1272,114550
1273,114757
1274,114795
1275,117433
1276,119284
1277,119995
1278,120476
1279,122112
1280,124578
1281,125885
1282,134030
1283,135694
1284,140194
1285,140213
1286,144505
1287,148063
1288,149075
1289,149486
1290,149920
1291,150232
1292,151406
1293,153028
1294,154274
1295,155172
1296,160651
1297,161298
1298,161406
1299,165031
1300,169850
1301,170107
1302,171800
1303,173593
1304,178260
1305,178516
1306,182601
1307,183777
1308,184141
1309,184205
1310,185977
1311,186380
1312,187243
1313,188933
1314,188947
1315,192123
1316,195620
1317,197252
1318,199352
1319,203146
1320,205625
1321,206151
1322,217430
1323,217516
1324,220203
1325,221015
1326,223170
1327,224753
1328,225466
1329,225781
1330,226016
1331,228310
1332,228714
1333,230783
1334,233071
1335,236146
1336,236642
1337,237936
1338,238699
1339,240034
1340,242405
1341,244400
1342,248176
1343,248583
1344,254884
1345,256420
1346,257825
1347,258513
1348,259442
1349,262979
1350,267327
1351,268258
1352,274021
1353,284997
1354,285158
1355,293452
1356,295340
1357,297676
1358,302599
1359,304430
1360,306404
1361,309831
1362,312712
1363,322714
1364,326964
1365,331721
1366,342502
1367,351504
1368,382580
1369,411306
1370,414262
1371,447301
1372,482128
1373,506334
1374,512002
1375,512006
1376,512037
1377,512048
1378,512071
1379,512260
1380,512461
1381,512614
1382,512720
1383,512751
1384,512879
1385,512938
1386,513052
1387,513056
1388,513057
1389,513079
1390,513296
1391,513643
1392,513711
1393,513783
1394,513811
1395,513875
1396,514021
1397,514025
1398,514197
1399,514333
1400,514395
1401,514485
1402,514489
1403,515029
1404,515575
1405,515785
1406,515804
1407,515978
1408,516170
1409,516215
1410,516239
1411,516667
1412,516680
1413,516819
1414,516821
1415,516904
1416,516930
1417,517654
1418,517830
1419,518177
1420,518309
1421,518543
1422,518563
1423,519206
1424,519228
1425,519268
1426,519337
1427,519400
1428,519410
1429,519460
1430,519538
1431,519570
1432,519624
1433,519654
1434,519660
1435,519715
1436,519771
1437,519773
1438,519839
1439,519872
1440,519896
1441,519981
1442,520118
1443,520300
1444,520386
1445,520485
1446,520643
1447,520898
1448,521190
1449,521197
1450,521262
1451,521298
1452,521317
1453,521377
1454,521445
1455,521624
1456,522345
1457,522432
1458,522961
1459,522969
1460,522975
1461,523039
1462,523329
1463,523378
1464,523435
1465,523509
1466,523679
1467,523769
1468,523771
1469,523773
1470,523839
1471,523843
1472,523998
1473,524001
1474,524141
1475,524146
1476,524190
1477,524225
1478,524245
1479,524412
1480,524429
1481,524470
1482,524968
1483,525126
1484,525407
1485,525454
1486,525595
1487,525812
1488,525960
1489,526576
1490,529488
1491,529568
1492,530343
1493,531132
1494,531434
1495,531859
1496,531898
1497,532050
1498,532787
1499,534063
1500,535963
1501,537470
1502,539234
1503,540462
1504,544361
1505,550221
1506,552858
1507,555293
1508,555457
1509,555472
1510,555500
1511,555726
1512,555795
1513,555850
1514,555871
1515,555991
1516,556286
1517,556329
1518,556450
1519,556793
1520,557308
1521,557817
1522,558778
1523,564864
1524,564865
1525,565022
1526,574147
1527,575082
1528,575669
1529,800001
1530,800002
1531,800004
1532,800012
1533,800022
1534,800024
1535,800026
1536,800030
1537,800033
1538,800037
1539,800041
1540,800042
1541,800051
1542,800053
1543,800054
1544,800061
1545,800062
1546,800063
1547,800073
1548,800075
1549,800076
1550,800077
1551,800079
1552,800082
1553,800085
1554,800088
1555,800090
1556,800091
1557,800098
1558,800099
1559,800100
1560,800112
1561,800115
1562,800116
1563,800117
1564,800118
1565,800120
1566,800121
1567,800125
1568,800135
1569,800136
1570,800142
1571,800147
1572,800149
1573,800153
1574,800155
1575,800157
1576,800160
1577,800163
1578,800170
1579,800171
1580,800173
1581,800174
1582,800181
1583,800202
1584,800206
1585,800214
1586,800216
1587,800218
1588,800220
1589,800221
1590,800224
1591,800244
1592,800246
1593,800247
1594,800254
1595,800256
1596,800270
1597,800271
1598,800286
1599,800288
1600,800294
1601,800306
1602,800308
1603,800311
1604,800312
1605,800315
1606,800321
1607,800326
1608,800341
1609,800343
1610,800347
1611,800353
1612,800354
1613,800361
1614,800364
1615,800369
1616,800371
1617,800374
1618,800375
1619,800382
1620,800390
1621,800396
1622,800398
1623,800399
1624,800405
1625,800407
1626,800411
1627,800415
1628,800420
1629,800441
1630,800458
1631,800459
1632,800468
1633,800473
1634,800487
1635,800489
1636,800490
1637,800493
1638,800501
1639,800503
1640,800514
1641,800515
1642,800516
1643,800527
1644,800529
1645,800535
1646,800539
1647,800542
1648,800549
1649,800550
1650,800551
1651,800559
1652,800560
1653,800561
1654,800565
1655,800566
1656,800567
1657,800579
1658,800582
1659,800594
1660,800595
1661,800597
1662,800599
1663,800604
1664,800605
1665,800618
1666,800636
1667,800643
1668,800644
1669,800654
1670,800657
1671,800658
1672,800662
1673,800663
1674,800668
1675,800672
1676,800679
1677,800685
1678,800694
1679,800700
1680,800701
1681,800702
1682,800712
1683,800733
1684,800735
1685,800737
1686,800747
1687,800750
1688,800769
1689,800775
1690,800778
1691,800780
1692,800782
1693,800785
1694,800787
1695,800792
1696,800794
1697,800802
1698,800805
1699,800809
1700,800813
1701,800829
1702,800833
1703,800845
1704,800860
1705,800863
1706,800868
1707,800869
1708,800870
1709,800880
1710,800883
1711,800893
1712,800898
1713,800902
1714,800908
1715,800919
1716,800922
1717,800931
1718,800941
1719,800956
1720,800963
1721,800964
1722,800969
1723,800970
1724,800972
1725,800973
1726,800985
1727,800997
1728,801006
1729,801007
1730,801014
1731,801017
1732,801026
1733,801027
1734,801029
1735,801036
1736,801037
1737,801047
1738,801051
1739,801055
1740,801061
1741,801067
1742,801068
1743,801072
1744,801074
1745,801075
1746,801079
1747,801088
1748,801089
1749,801101
1750,801102
1751,801105
1752,801111
1753,801120
1754,801127
1755,801140
1756,801144
1757,801154
1758,801159
1759,801173
1760,801175
1761,801176
1762,801180
1763,801181
1764,801184
1765,801186
1766,801194
1767,801204
1768,801222
1769,801230
1770,801233
1771,801237
1772,801252
1773,801254
1774,801260
1775,801261
1776,801262
1777,801263
1778,801274
1779,801283
1780,801297
1781,801302
1782,801312
1783,801316
1784,801317
1785,801324
1786,801334
1787,801342
1788,801345
1789,801347
1790,801355
1791,801358
1792,801364
1793,801374
1794,801382
1795,801385
1796,801386
1797,801389
1798,801404
1799,801405
1800,801409
1801,801417
1802,801425
1803,801426
1804,801430
1805,801433
1806,801437
1807,801441
1808,801443
1809,801451
1810,801454
1811,801469
1812,801472
1813,801474
1814,801490
1815,801509
1816,801513
1817,801518
1818,801523
1819,801527
1820,801528
1821,801530
1822,801534
1823,801539
1824,801547
1825,801562
1826,801568
1827,801569
1828,801576
1829,801582
1830,801583
1831,801592
1832,801593
1833,801596
1834,801598
1835,801603
1836,801613
1837,801614
1838,801616
1839,801621
1840,801650
1841,801667
1842,801674
1843,801675
1844,801682
1845,801685
1846,801689
1847,801699
1848,801706
1849,801718
1850,801719
1851,801720
1852,801725
1853,801739
1854,801752
1855,801755
1856,801758
1857,801762
1858,801763
1859,801770
1860,801772
1861,801773
1862,801785
1863,801786
1864,801805
1865,801807
1866,801809
1867,801811
1868,801818
1869,801822
1870,801824
1871,801828
1872,801840
1873,801845
1874,801857
1875,801863
1876,801875
1877,801880
1878,801884
1879,801886
1880,801890
1881,801893
1882,801894
1883,801902
1884,801904
1885,801909
1886,801913
1887,801915
1888,801917
1889,801918
1890,801927
1891,801935
1892,801940
1893,801950
1894,801951
1895,801952
1896,801956
1897,801962
1898,801964
1899,801976
1900,801977
1901,801985
1902,801993
1903,801999
1904,802001
1905,802007
1906,802022
1907,802026
1908,802037
1909,802041
1910,802053
1911,802056
1912,802063
1913,802067
1914,802068
1915,802072
1916,802075
1917,802080
1918,802085
1919,802093
1920,802106
1921,802126
1922,802138
1923,802142
1924,802145
1925,802167
1926,802175
1927,802178
1928,802182
1929,802196
1930,802197
1931,802205
1932,802210
1933,802224
1934,802235
1935,802236
1936,802244
1937,802248
1938,802249
1939,802257
1940,802258
1941,802270
1942,802279
1943,802289
1944,802291
1945,802306
1946,802308
1947,802311
1948,802316
1949,802317
1950,802344
1951,802358
1952,802361
1953,802363
1954,802368
1955,802371
1956,802376
1957,802382
1958,802386
1959,802411
1960,802418
1961,802419
1962,802422
1963,802434
1964,802438
1965,802453
1966,802455
1967,802458
1968,802460
1969,802465
1970,802467
1971,802472
1972,802476
1973,802489
1974,802491
1975,802494
1976,802499
1977,802506
1978,802509
1979,802514
1980,802523
1981,802524
1982,802542
1983,802546
1984,802552
1985,802556
1986,802562
1987,802564
1988,802566
1989,802567
1990,802571
1991,802574
1992,802582
1993,802586
1994,802598
1995,802600
1996,802605
1997,802606
1998,802610
1999,802625
2000,802638
2001,802640
2002,802648
2003,802660
2004,802667
2005,802668
2006,802681
2007,802683
2008,802684
2009,802691
2010,802701
2011,802702
2012,802709
2013,802711
2014,802724
2015,802729
2016,802732
2017,802743
2018,802749
2019,802764
2020,802775
2021,802782
2022,802784
2023,802786
2024,802792
2025,802803
2026,802805
2027,802810
2028,802820
2029,802830
2030,802888
2031,802892
2032,802893
2033,802895
2034,802902
2035,802927
2036,802932
2037,802948
2038,802949
2039,802951
2040,802953
2041,802963
2042,802971
2043,802975
2044,802977
2045,802989
2046,802990
2047,802999
2048,803006
2049,803008
2050,803027
2051,803029
2052,803030
2053,803035
2054,803038
2055,803039
2056,803041
2057,803053
2058,803066
2059,803073
2060,803084
2061,803098
2062,803110
2063,803123
2064,803124
2065,803128
2066,803141
2067,803144
2068,803175
2069,803176
2070,803177
2071,803183
2072,803202
2073,803210
2074,803211
2075,803234
2076,803237
2077,803246
2078,803251
2079,803253
2080,803263
2081,803269
2082,803274
2083,803287
2084,803302
2085,803306
2086,803308
2087,803314
2088,803315
2089,803321
2090,803322
2091,803323
2092,803328
2093,803337
2094,803338
2095,803341
2096,803372
2097,803376
2098,803380
2099,803384
2100,803391
2101,803410
2102,803412
2103,803431
2104,803433
2105,803439
2106,803442
2107,803447
2108,803455
2109,803456
2110,803466
2111,803475
2112,803478
2113,803484
2114,803488
2115,803503
2116,803511
2117,803514
2118,803517
2119,803518
2120,803519
2121,803526
2122,803528
2123,803537
2124,803540
2125,803553
2126,803560
2127,803572
2128,803584
2129,803587
2130,803588
2131,803603
2132,803611
2133,803620
2134,803636
2135,803637
2136,803653
2137,803657
2138,803661
2139,803666
2140,803675
2141,803676
2142,803685
2143,803698
2144,803699
2145,803706
2146,803718
2147,803719
2148,803724
2149,803726
2150,803740
2151,803748
2152,803750
2153,803757
2154,803762
2155,803770
2156,803775
2157,803794
2158,803799
2159,803803
2160,803807
2161,803815
2162,803823
2163,803825
2164,803830
2165,803850
2166,803856
2167,803883
2168,803901
2169,803911
2170,803914
2171,803933
2172,803940
2173,803943
2174,803944
2175,803951
2176,803957
2177,803974
2178,803981
2179,803989
2180,804002
2181,804011
2182,804015
2183,804020
2184,804027
2185,804028
2186,804037
2187,804045
2188,804056
2189,804057
2190,804082
2191,804084
2192,804094
2193,804098
2194,804103
2195,804106
2196,804109
2197,804117
2198,804122
2199,804129
2200,804134
2201,804145
2202,804149
2203,804161
2204,804181
2205,804184
2206,804188
2207,804189
2208,804192
2209,804198
2210,804201
2211,804205
2212,804217
2213,804223
2214,804249
2215,804251
2216,804254
2217,804257
2218,804268
2219,804272
2220,804293
2221,804294
2222,804311
2223,804333
2224,804334
2225,804362
2226,804370
2227,804378
2228,804385
2229,804389
2230,804399
2231,804412
2232,804415
2233,804442
2234,804465
2235,804474
2236,804478
2237,804481
2238,804494
2239,804495
2240,804497
2241,804516
2242,804519
2243,804533
2244,804535
2245,804546
2246,804549
2247,804551
2248,804561
2249,804572
2250,804577
2251,804578
2252,804612
2253,804647
2254,804649
2255,804657
2256,804664
2257,804666
2258,804678
2259,804681
2260,804682
2261,804687
2262,804706
2263,804708
2264,804717
2265,804721
2266,804731
2267,804733
2268,804746
2269,804760
2270,804769
2271,804774
2272,804781
2273,804803
2274,804826
2275,804836
2276,804851
2277,804853
2278,804855
2279,804861
2280,804866
2281,804871
2282,804873
2283,804894
2284,804898
2285,804903
2286,804904
2287,804908
2288,804912
2289,804915
2290,804941
2291,804947
2292,804964
2293,804975
2294,804977
2295,804979
2296,804989
2297,805018
2298,805022
2299,805034
2300,805047
2301,805049
2302,805060
2303,805066
2304,805071
2305,805079
2306,805087
2307,805095
2308,805104
2309,805114
2310,805117
2311,805124
2312,805132
2313,805168
2314,805174
2315,805190
2316,805195
2317,805199
2318,805205
2319,805210
2320,805216
2321,805222
2322,805232
2323,805259
2324,805260
2325,805266
2326,805272
2327,805277
2328,805293
2329,805305
2330,805309
2331,805313
2332,805315
2333,805322
2334,805329
2335,805338
2336,805339
2337,805343
2338,805346
2339,805351
2340,805352
2341,805353
2342,805360
2343,805362
2344,805366
2345,805369
2346,805374
2347,805376
2348,805404
2349,805410
2350,805427
2351,805442
2352,805450
2353,805451
2354,805453
2355,805465
2356,805468
2357,805470
2358,805471
2359,805475
2360,805484
2361,805485
2362,805501
2363,805526
2364,805530
2365,805539
2366,805543
2367,805547
2368,805550
2369,805561
2370,805581
2371,805598
2372,805604
2373,805607
2374,805638
2375,805682
2376,805686
2377,805689
2378,805699
2379,805710
2380,805741
2381,805745
2382,805755
2383,805777
2384,805787
2385,805789
2386,805794
2387,805826
2388,805829
2389,805830
2390,805841
2391,805847
2392,805855
2393,805857
2394,805867
2395,805869
2396,805870
2397,805872
2398,805873
2399,805906
2400,805915
2401,805928
2402,805929
2403,805951
2404,805953
2405,805992
2406,806025
2407,806030
2408,806031
2409,806036
2410,806040
2411,806045
2412,806055
2413,806066
2414,806109
2415,806148
2416,806154
2417,806158
2418,806167
2419,806170
2420,806175
2421,806176
2422,806177
2423,806178
2424,806179
2425,806192
2426,806217
2427,806220
2428,806221
2429,806224
2430,806225
2431,806233
2432,806240
2433,806241
2434,806266
2435,806270
2436,806274
2437,806300
2438,806317
2439,806325
2440,806341
2441,806343
2442,806365
2443,806368
2444,806370
2445,806412
2446,806416
2447,806418
2448,806434
2449,806450
2450,806467
2451,806471
2452,806485
2453,806486
2454,806487
2455,806492
2456,806497
2457,806516
2458,806522
2459,806532
2460,806536
2461,806543
2462,806555
2463,806564
2464,806570
2465,806574
2466,806581
2467,806582
2468,806584
2469,806586
2470,806596
2471,806599
2472,806605
2473,806613
2474,806618
2475,806627
2476,806642
2477,806654
2478,806660
2479,806661
2480,806662
2481,806663
2482,806667
2483,806687
2484,806690
2485,806712
2486,806715
2487,806716
2488,806733
2489,806736
2490,806740
2491,806759
2492,806762
2493,806774
2494,806781
2495,806791
2496,806810
2497,806813
2498,806815
2499,806822
2500,806830
2501,806849
2502,806857
2503,806871
2504,806874
2505,806881
2506,806894
2507,806898
2508,806905
2509,806911
2510,806923
2511,806924
2512,806931
2513,806935
2514,806936
2515,806937
2516,806939
2517,806942
2518,806951
2519,806952
2520,806957
2521,806959
2522,806965
2523,806966
2524,806967
2525,806995
2526,807008
2527,807013
2528,807020
2529,807030
2530,807038
2531,807039
2532,807046
2533,807054
2534,807055
2535,807059
2536,807069
2537,807090
2538,807094
2539,807103
2540,807116
2541,807129
2542,807142
2543,807150
2544,807154
2545,807162
2546,807165
2547,807166
2548,807170
2549,807171
2550,807177
2551,807181
2552,807183
2553,807207
2554,807225
2555,807238
2556,807252
2557,807277
2558,807281
2559,807289
2560,807311
2561,807322
2562,807323
2563,807325
2564,807342
2565,807378
2566,807417
2567,807428
2568,807433
2569,807467
2570,807492
2571,807497
2572,807498
2573,807499
2574,807503
2575,807523
2576,807539
2577,807544
2578,807545
2579,807559
2580,807585
2581,807591
2582,807597
2583,807637
2584,807655
2585,807696
2586,807700
2587,807702
2588,807706
2589,807720
2590,807727
2591,807735
2592,807752
2593,807775
2594,807800
2595,807826
2596,807834
2597,807836
2598,807841
2599,807846
2600,807861
2601,807864
2602,807872
2603,807873
2604,807880
2605,807887
2606,807897
2607,807906
2608,807923
2609,807936
2610,807946
2611,807947
2612,807956
2613,807957
2614,807982
2615,807996
2616,808006
2617,808010
2618,808011
2619,808017
2620,808024
2621,808036
2622,808049
2623,808086
2624,808094
2625,808103
2626,808122
2627,808125
2628,808140
2629,808154
2630,808158
2631,808165
2632,808170
2633,808190
2634,808197
2635,808210
2636,808221
2637,808243
2638,808245
2639,808247
2640,808251
2641,808270
2642,808271
2643,808283
2644,808307
2645,808315
2646,808319
2647,808345
2648,808347
2649,808374
2650,808386
2651,808397
2652,808400
2653,808419
2654,808430
2655,808441
2656,808485
2657,808486
2658,808505
2659,808506
2660,808511
2661,808520
2662,808533
2663,808535
2664,808539
2665,808546
2666,808547
2667,808559
2668,808570
2669,808575
2670,808584
2671,808593
2672,808603
2673,808607
2674,808618
2675,808629
2676,808640
2677,808649
2678,808664
2679,808684
2680,808687
2681,808696
2682,808726
2683,808732
2684,808741
2685,808750
2686,808760
2687,808778
2688,808784
2689,808790
2690,808795
2691,808799
2692,808800
2693,808839
2694,808840
2695,808857
2696,808887
2697,808898
2698,808929
2699,808939
2700,808966
2701,809005
2702,809021
2703,809029
2704,809036
2705,809069
2706,809082
2707,809092
2708,809111
2709,809125
2710,809128
2711,809137
2712,809146
2713,809153
2714,809173
2715,809191
2716,809193
2717,809195
2718,809203
2719,809220
2720,809222
2721,809236
2722,809261
2723,809277
2724,809317
2725,809325
2726,809331
2727,809333
2728,809346
2729,809373
2730,809374
2731,809377
2732,809385
2733,809392
2734,809394
2735,809402
2736,809452
2737,809454
2738,809464
2739,809497
2740,809533
2741,809540
2742,809551
2743,809557
2744,809559
2745,809575
2746,809589
2747,809596
2748,809605
2749,809620
2750,809647
2751,809659
2752,809665
2753,809686
2754,809703
2755,809723
2756,809730
2757,809734
2758,809738
2759,809744
2760,809759
2761,809762
2762,809765
2763,809766
2764,809771
2765,809775
2766,809804
2767,809809
2768,809815
2769,809817
2770,809818
2771,809819
2772,809849
2773,809912
2774,809922
2775,809961
2776,809968
2777,810027
2778,810029
2779,810033
2780,810046
2781,810067
2782,810072
2783,810084
2784,810098
2785,810120
2786,810132
2787,810145
2788,810154
2789,810163
2790,810167
2791,810191
2792,810213
2793,810248
2794,810272
2795,810281
2796,810288
2797,810323
2798,810325
2799,810334
2800,810345
2801,810371
2802,810376
2803,810378
2804,810396
2805,810398
2806,810408
2807,810451
2808,810463
2809,810469
2810,810473
2811,810487
2812,810527
2813,810529
2814,810535
2815,810541
2816,810551
2817,810556
2818,810580
2819,810599
2820,810604
2821,810607
2822,810623
2823,810627
2824,810632
2825,810635
2826,810639
2827,810662
2828,810664
2829,810668
2830,810680
2831,810687
2832,810716
2833,810728
2834,810753
2835,810755
2836,810763
2837,810779
2838,810789
2839,810798
2840,810803
2841,810805
2842,810810
2843,810813
2844,810825
2845,810828
2846,810830
2847,810843
2848,810857
2849,810861
2850,810868
2851,810877
2852,810880
2853,810883
2854,810906
2855,810912
2856,810937
2857,810956
2858,810966
2859,810967
2860,810977
2861,810997
2862,811005
2863,811006
2864,811017
2865,811020
2866,811022
2867,811038
2868,811048
2869,811061
2870,811077
2871,811080
2872,811088
2873,811096
2874,811115
2875,811126
2876,811141
2877,811144
2878,811153
2879,811154
2880,811163
2881,811173
2882,811174
2883,811175
2884,811180
2885,811197
2886,811214
2887,811229
2888,811232
2889,811241
2890,811267
2891,811270
2892,811277
2893,811288
2894,811305
2895,811316
2896,811324
2897,811353
2898,811369
2899,811402
2900,811403
2901,811411
2902,811426
2903,811441
2904,811444
2905,811455
2906,811481
2907,811487
2908,811522
2909,811524
2910,811526
2911,811536
2912,811564
2913,811569
2914,811570
2915,811580
2916,811587
2917,811624
2918,811638
2919,811646
2920,811648
2921,811651
2922,811652
2923,811671
2924,811673
2925,811677
2926,811679
2927,811689
2928,811714
2929,811722
2930,811734
2931,811741
2932,811751
2933,811757
2934,811791
2935,811804
2936,811813
2937,811860
2938,811903
2939,811906
2940,811909
2941,811912
2942,811922
2943,811971
2944,811975
2945,812004
2946,812022
2947,812036
2948,812065
2949,812078
2950,812084
2951,812088
2952,812106
2953,812107
2954,812111
2955,812119
2956,812120
2957,812151
2958,812171
2959,812181
2960,812194
2961,812206
2962,812241
2963,812248
2964,812282
2965,812287
2966,812290
2967,812297
2968,812310
2969,812322
2970,812330
2971,812352
2972,812370
2973,812412
2974,812418
2975,812435
2976,812448
2977,812460
2978,812463
2979,812465
2980,812470
2981,812494
2982,812501
2983,812511
2984,812512
2985,812554
2986,812563
2987,812602
2988,812620
2989,812625
2990,812660
2991,812668
2992,812672
2993,812679
2994,812720
2995,812740
2996,812777
2997,812784
2998,812787
2999,812800
3000,812811
3001,812837
3002,812852
3003,812853
3004,812889
3005,812906
3006,812909
3007,812921
3008,812931
3009,812936
3010,812945
3011,812946
3012,812949
3013,812963
3014,812975
3015,812987
3016,813015
3017,813018
3018,813021
3019,813025
3020,813029
3021,813038
3022,813062
3023,813083
3024,813100
3025,813139
3026,813143
3027,813171
3028,813222
3029,813279
3030,813311
3031,813347
3032,813372
3033,813375
3034,813389
3035,813406
3036,813409
3037,813424
3038,813434
3039,813435
3040,813440
3041,813442
3042,813443
3043,813444
3044,813480
3045,813485
3046,813510
3047,813535
3048,813542
3049,813566
3050,813578
3051,813586
3052,813614
3053,813632
3054,813651
3055,813654
3056,813682
3057,813684
3058,813697
3059,813723
3060,813729
3061,813754
3062,813768
3063,813770
3064,813780
3065,813796
3066,813823
3067,813842
3068,813866
3069,813869
3070,813883
3071,813926
3072,813931
3073,813974
3074,814000
3075,814053
3076,814061
3077,814062
3078,814067
3079,814073
3080,814079
3081,814103
3082,814110
3083,814128
3084,814154
3085,814156
3086,814163
3087,814170
3088,814182
3089,814200
3090,814212
3091,814233
3092,814252
3093,814291
3094,814295
3095,814299
3096,814303
3097,814326
3098,814340
3099,814346
3100,814356
3101,814359
3102,814365
3103,814391
3104,814395
3105,814411
3106,814419
3107,814451
3108,814456
3109,814489
3110,814532
3111,814555
3112,814574
3113,814608
3114,814632
3115,814638
3116,814646
3117,814664
3118,814693
3119,814709
3120,814721
3121,814735
3122,814740
3123,814761
3124,814763
3125,814784
3126,814831
3127,814850
3128,814862
3129,814900
3130,814910
3131,814931
3132,814946
3133,815029
3134,815061
3135,815090
3136,815111
3137,815126
3138,815133
3139,815174
3140,815187
3141,815227
3142,815246
3143,815257
3144,815307
3145,815326
3146,815344
3147,815347
3148,815389
3149,815455
3150,815456
3151,815463
3152,815483
3153,815490
3154,815493
3155,815501
3156,815510
3157,815520
3158,815524
3159,815569
3160,815582
3161,815594
3162,815604
3163,815605
3164,815631
3165,815642
3166,815643
3167,815651
3168,815675
3169,815676
3170,815678
3171,815696
3172,815705
3173,815717
3174,815729
3175,815747
3176,815758
3177,815781
3178,815782
3179,815823
3180,815828
3181,815838
3182,815843
3183,815854
3184,815857
3185,815866
3186,815938
3187,815946
3188,815951
3189,815993
3190,816007
3191,816013
3192,816080
3193,816102
3194,816119
3195,816137
3196,816190
3197,816195
3198,816196
3199,816200
3200,816212
3201,816215
3202,816234
3203,816246
3204,816247
3205,816249
3206,816311
3207,816331
3208,816344
3209,816346
3210,816358
3211,816373
3212,816404
3213,816414
3214,816438
3215,816462
3216,816495
3217,816543
3218,816545
3219,816559
3220,816586
3221,816598
3222,816607
3223,816645
3224,816648
3225,816668
3226,816671
3227,816711
3228,816726
3229,816782
3230,816802
3231,816819
3232,816861
3233,816930
3234,816939
3235,816943
3236,816964
3237,817021
3238,817052
3239,817054
3240,817066
3241,817073
3242,817074
3243,817097
3244,817102
3245,817110
3246,817158
3247,817170
3248,817171
3249,817179
3250,817210
3251,817244
3252,817245
3253,817253
3254,817270
3255,817272
3256,817283
3257,817285
3258,817298
3259,817309
3260,817325
3261,817332
3262,817347
3263,817362
3264,817366
3265,817397
3266,817407
3267,817411
3268,817443
3269,817475
3270,817506
3271,817509
3272,817530
3273,817587
3274,817595
3275,817600
3276,817629
3277,817635
3278,817640
3279,817655
3280,817680
3281,817697
3282,817700
3283,817705
3284,817708
3285,817724
3286,817750
3287,817759
3288,817761
3289,817769
3290,817800
3291,817826
3292,817845
3293,817895
3294,817908
3295,817916
3296,817919
3297,817930
3298,817957
3299,817962
3300,817965
3301,817969
3302,818021
3303,818035
3304,818057
3305,818063
3306,818108
3307,818129
3308,818148
3309,818196
3310,818217
3311,818235
3312,818298
3313,818335
3314,818352
3315,818368
3316,818389
3317,818411
3318,818455
3319,818467
3320,818477
3321,818488
3322,818496
3323,818500
3324,818553
3325,818557
3326,818561
3327,818614
3328,818617
3329,818628
3330,818629
3331,818630
3332,818647
3333,818656
3334,818690
3335,818704
3336,818719
3337,818720
3338,818721
3339,818789
3340,818792
3341,818823
3342,818842
3343,818849
3344,818902
3345,818935
3346,818943
3347,819006
3348,819028
3349,819046
3350,819056
3351,819059
3352,819064
3353,819070
3354,819071
3355,819204
3356,819206
3357,819227
3358,819255
3359,819271
3360,819278
3361,819295
3362,819333
3363,819354
3364,819382
3365,819384
3366,819444
3367,819478
3368,819507
3369,819520
3370,819525
3371,819536
3372,819542
3373,819574
3374,819639
3375,819665
3376,819702
3377,819740
3378,819771
3379,819778
3380,819839
3381,819840
3382,819860
3383,819865
3384,819869
3385,819918
3386,819933
3387,819941
3388,819968
3389,820037
3390,820102
3391,820110
3392,820126
3393,820130
3394,820131
3395,820194
3396,820264
3397,820333
3398,820367
3399,820390
3400,820396
3401,820410
3402,820434
3403,820451
3404,820466
3405,820469
3406,820492
3407,820496
3408,820505
3409,820628
3410,820656
3411,820668
3412,820687
3413,820708
3414,820741
3415,820754
3416,820762
3417,820896
3418,820959
3419,820969
3420,821070
3421,821125
3422,821165
3423,821180
3424,821189
3425,821195
3426,821214
3427,821291
3428,821306
3429,821339
3430,821358
3431,821373
3432,821522
3433,821547
3434,821584
3435,821592
3436,821613
3437,821635
3438,821742
3439,821933
3440,822044
3441,822047
3442,822092
3443,822274
3444,822543
3445,822614
3446,822752
3447,822858
3448,822878
3449,823053
3450,823159
3451,823168
3452,823281
3453,823471
3454,823498
3455,823921
3456,824054
3457,824288
3458,824329
3459,824394
3460,824696
3461,824814
3462,824917
3463,824966
3464,824971
3465,825122
3466,825516
3467,825532
3468,825721
3469,825732
3470,825818
3471,825940
3472,826093
3473,826095
3474,826146
3475,826165
3476,826548
3477,826710
3478,826930
3479,827188
3480,827256
3481,827772
3482,828321
3483,828481
3484,828939
3485,829153
3486,829156
3487,830034
3488,830039
3489,831051
3490,832136
3491,832424
3492,832921
3493,833140
3494,834142
3495,835074
3496,837452
3497,837745
3498,838321
3499,838832
3500,839681
3501,840671
3502,850533
3503,853555
3504,855690
3505,858472
3506,860084
3507,865833
3508,867630
3509,868006
3510,872508
3511,875532
3512,877244
3513,893362
3514,898638
3515,902257
3516,902262
3517,902275
3518,902276
3519,902284
3520,902287
3521,902291
3522,902322
3523,902327
3524,902333
3525,902407
3526,902418
3527,902419
3528,902430
3529,902431
3530,902432
3531,902433
3532,902434
3533,902442
3534,902445
3535,902453
3536,902460
3537,902480
3538,902491
3539,902500
3540,902510
3541,902515
3542,902518
3543,902519
3544,902529
3545,902619
3546,902620
3547,902663
3548,902672
3549,902679
3550,902685
3551,902706
3552,902707
3553,902708
3554,902792
3555,902810
3556,902819
3557,902859
3558,902860
3559,902874
3560,902880
3561,902896
3562,902906
3563,903010
3564,903073
3565,903075
3566,903077
3567,903079
3568,903081
3569,903106
3570,903108
3571,903109
3572,903110
3573,903122
3574,903125
3575,903136
3576,903162
3577,903163
3578,903211
3579,903216
3580,903217
3581,903255
3582,903259
3583,903284
3584,903285
3585,903288
3586,903290
3587,903298
3588,903300
3589,903308
3590,903324
3591,903331
3592,903334
3593,903366
3594,903389
3595,903395
3596,903396
3597,903413
3598,903442
3599,903455
3600,903457
3601,903458
3602,903461
3603,903466
3604,903479
3605,903500
3606,903545
3607,903551
3608,903558
3609,903561
3610,903570
3611,903572
3612,903573
3613,903574
3614,903575
3615,903602
3616,903611
3617,903631
3618,903647
3619,903652
3620,903720
3621,903758
3622,903760
3623,903819
3624,903833
3625,903834
3626,903836
3627,903840
3628,903855
3629,903893
3630,903927
3631,903931
3632,903932
3633,903933
3634,903937
3635,903944
3636,903945
3637,903947
3638,904009
3639,904021
3640,904022
3641,904025
3642,904034
3643,904085
3644,904093
3645,904099
3646,904126
3647,904129
3648,904133
3649,904208
3650,904212
3651,904234
3652,904245
3653,904246
3654,904249
3655,904280
3656,904286
3657,904395
3658,904426
3659,904433
3660,904528
3661,904565
3662,904587
3663,904589
3664,904594
3665,904627
3666,904646
3667,904674
3668,904675
3669,904676
3670,904699
3671,904707
3672,904708
3673,904709
3674,904748
3675,904758
3676,904779
3677,904783
3678,904790
3679,904795
3680,904826
3681,904827
3682,904830
3683,904831
3684,904838
3685,904839
3686,904844
3687,904854
3688,904865
3689,904917
3690,904926
3691,904989
3692,905004
3693,905005
3694,905046
3695,905047
3696,905048
3697,905049
3698,905062
3699,905063
3700,905066
3701,905080
3702,905081
3703,905083
3704,905111
3705,905119
3706,905123
3707,905159
3708,905167
3709,905170
3710,905191
3711,905207
3712,905223
3713,905227
3714,905247
3715,905263
3716,905266
3717,905282
3718,905303
3719,905310
3720,905314
3721,905340
3722,905415
3723,905447
3724,905460
3725,905464
3726,905485
3727,905496
3728,905503
3729,905506
3730,905517
3731,905528
3732,905531
3733,905532
3734,905550
3735,905551
3736,905552
3737,905572
3738,905602
3739,905622
3740,905631
3741,905654
3742,905658
3743,905665
3744,905668
3745,905672
3746,905700
3747,905706
3748,905711
3749,905722
3750,905723
3751,905729
3752,905730
3753,905773
3754,905774
3755,905776
3756,905820
3757,905860
3758,905861
3759,905862
3760,905866
3761,905868
3762,905887
3763,905898
3764,905910
3765,905943
3766,905945
3767,905968
3768,905969
3769,905972
3770,905982
3771,905990
3772,906001
3773,906020
3774,906096
3775,906103
3776,906105
3777,906172
3778,906179
3779,906184
3780,906196
3781,906197
3782,906251
3783,906255
3784,906258
3785,906275
3786,906284
3787,906299
3788,906329
3789,906353
3790,906354
3791,906372
3792,906373
3793,906391
3794,906393
3795,906407
3796,906431
3797,906432
3798,906460
3799,906476
3800,906483
3801,906484
3802,906485
3803,906489
3804,906521
3805,906525
3806,906526
3807,906614
3808,906615
3809,906621
3810,906661
3811,906682
3812,906687
3813,906698
3814,906719
3815,906749
3816,906750
3817,906816
3818,906817
3819,906948
3820,907016
3821,907045
3822,907188
3823,907197
3824,907257
3825,907258
3826,907259
3827,907261
3828,907315
3829,907360
3830,907363
3831,907373
3832,907378
3833,907394
3834,907395
3835,907419
3836,907421
3837,907427
3838,907448
3839,907476
3840,907479
3841,907485
3842,907504
3843,907515
3844,907557
3845,907582
3846,907662
3847,907687
3848,907728
3849,907750
3850,907751
3851,907775
3852,907782
3853,907791
3854,907810
3855,907812
3856,907818
3857,907850
3858,907874
3859,907938
3860,907950
3861,907953
3862,907973
3863,908018
3864,908021
3865,908038
3866,908049
3867,908071
3868,908080
3869,908087
3870,908101
3871,908113
3872,908116
3873,908117
3874,908144
3875,908148
3876,908157
3877,908177
3878,908190
3879,908253
3880,908264
3881,908269
3882,908289
3883,908306
3884,908315
3885,908318
3886,908321
3887,908339
3888,908380
3889,908389
3890,908466
3891,908470
3892,908472
3893,908485
3894,908487
3895,908495
3896,908557
3897,908559
3898,908560
3899,908569
3900,908594
3901,908602
3902,908620
3903,908626
3904,908634
3905,908649
3906,908661
3907,908686
3908,908687
3909,908715
3910,908717
3911,908721
3912,908732
3913,908734
3914,908738
3915,908754
3916,908766
3917,908767
3918,908821
3919,908870
3920,908877
3921,908882
3922,908883
3923,908927
3924,908952
3925,908971
3926,908972
3927,908975
3928,908979
3929,909002
3930,909042
3931,909056
3932,909065
3933,909066
3934,909095
3935,909099
3936,909100
3937,909121
3938,909125
3939,909136
3940,909137
3941,909148
3942,909169
3943,909196
3944,909197
3945,909211
3946,909252
3947,909253
3948,909316
3949,909324
3950,909345
3951,909352
3952,909409
3953,909441
3954,909521
3955,909522
3956,909557
3957,909558
3958,909575
3959,909597
3960,909612
3961,909618
3962,909632
3963,909674
3964,909711
3965,909713
3966,909750
3967,909751
3968,909752
3969,909809
3970,909817
3971,909831
3972,909833
3973,909865
3974,909867
3975,909918
3976,909941
3977,909948
3978,910011
3979,910018
3980,910022
3981,910040
3982,910169
3983,910170
3984,910183
3985,910205
3986,910244
3987,910245
3988,910291
3989,910313
3990,910314
3991,910316
3992,910328
3993,910334
3994,910358
3995,910360
3996,910430
3997,910443
3998,910478
3999,910524
4000,910547
4001,910562
4002,910598
4003,910617
4004,910682
4005,910728
4006,910744
4007,910753
4008,910768
4009,910866
4010,910891
4011,910903
4012,910991
4013,911013
4014,911033
4015,911042
4016,911054
4017,911055
4018,911071
4019,911108
4020,911130
4021,911134
4022,911166
4023,911178
4024,911194
4025,911195
4026,911196
4027,911197
4028,911201
4029,911265
4030,911444
4031,911453
4032,911510
4033,911539
4034,911548
4035,911554
4036,911576
4037,911578
4038,911607
4039,911618
4040,911627
4041,911658
4042,911666
4043,911683
4044,911732
4045,911755
4046,911756
4047,911819
4048,911839
4049,911871
4050,911878
4051,911955
4052,911964
4053,911967
4054,912045
4055,912057
4056,912063
4057,912064
4058,912073
4059,912079
4060,912081
4061,912105
4062,912106
4063,912133
4064,912146
4065,912161
4066,912190
4067,912244
4068,912316
4069,912317
4070,912320
4071,912337
4072,912354
4073,912449
4074,912504
4075,912522
4076,912579
4077,912621
4078,912763
4079,912774
4080,912796
4081,912898
4082,912982
4083,913042
4084,913052
4085,913088
4086,913120
4087,913138
4088,913147
4089,913150
4090,913252
4091,913253
4092,913390
4093,913397
4094,913461
4095,913464
4096,913724
4097,913736
4098,913739
4099,913931
4100,913933
4101,913946
4102,914059
4103,914246
4104,914279
4105,914445
4106,914504
4107,914542
4108,914632
4109,914646
4110,914655
4111,914732
4112,914768
4113,914838
4114,914839
4115,915065
4116,915208
4117,919509
4118,919551
4119,919576
4120,919652
4121,923203
4122,924189
4123,924571
4124,924716
4125,924717
4126,924718
4127,925136
4128,925137
4129,925685
4130,926518
4131,926810
4132,926811
4133,926837
4134,926838
4135,926839
4136,928257
4137,928274
4138,928294
4139,928497
4140,929092
4141,929100
4142,929309
4143,929310
4144,929311
4145,929704
4146,930010
4147,930012
4148,931203
4149,931204
4150,932581
4151,932790
4152,932791
4153,933090
4154,933282
4155,933307
4156,933309
4157,933313
4158,933316
4159,933318
4160,933335
4161,933697
4162,933913
4163,934031
4164,934091
4165,934092
4166,934590
4167,934591
4168,934676
4169,934739
4170,934876
4171,934979
4172,935233
4173,935251
4174,935333
4175,935351
4176,935352
4177,935383
4178,935389
4179,935405
4180,935417
4181,935460
4182,935467
4183,935501
4184,935508
4185,935536
4186,935538
4187,935541
4188,935565
4189,935590
4190,935691
4191,935749
4192,937495
4193,937655
4194,939795
4195,939911
4196,940007
4197,940088
4198,940239
4199,940256
4200,940274
4201,940282
4202,940328
4203,940360
4204,940361
4205,940391
4206,940399
4207,940435
4208,940542
4209,940591
4210,940696
4211,941298
4212,941319
4213,942571
4214,942792
4215,944260
4216,944269
4217,946195
4218,946242
4219,946261
4220,946275
4221,946278
4222,946279
4223,946280
4224,946338
4225,946424
4226,946425
4227,946426
4228,946718
4229,946770
4230,953893
4231,956907
4232,142338522
4233,392026170
4234,397041555
4235,442999519
4236,954432908
4237,1050005026
4238,1050013851
4239,1050015101
4240,1050031705
4241,1050078693
4242,1050091581
4243,1050111955
4244,1050115348
4245,1050115387
4246,1050126678
4247,1050135559
4248,1050138510
4249,1050145590
4250,1050189039
4251,1050195066
4252,1050248133
4253,1050251718
4254,1050268065
4255,1050306082
4256,1050335829
4257,1050340850
4258,1050349786
4259,1050364885
4260,1050374217
4261,1050379364
4262,1050403926
4263,1050413944
4264,1050441863
4265,1050480325
4266,1050591428
4267,1050615112
4268,1050660827
4269,1050754686
4270,1050815541
4271,1050863713
4272,1050910351
4273,1050931796
4274,1050936640
4275,1050983612
4276,1051045520
4277,1051062549
4278,1051069306
4279,1051089721
4280,1051207953
4281,1051296846
4282,1051358866
4283,1051645871
4284,1051670893
4285,1051705096
4286,1052066280
4287,1053526057
4288,1053915969
4289,1054019402
4290,1054369160
4291,1054769007
4292,1055278121
4293,1055491165
4294,1057035585
4295,1057471940
4296,1057576230
4297,1062512192
4298,1062759959
4299,1063303012
4300,1066778249
4301,1069108261
4302,1073128028
4303,1078099767
4304,1083561240
4305,1110706007
4306,1127183799
4307,1310068700
4308,1323625268
