position,source_id,cell_type
0,13460,IN08B033
1,19202,IN00A053
2,152849,DNg62
3,152743,IN16B075
4,14944,IN04B101
5,12540,IN16B022
6,44845,IN21A096
7,15899,IN12B074
8,41353,Tr flexor MN
9,19040,IN14A028
10,18784,DNfl037
11,31377,DNxl065
12,18451,IN03A062
13,163869,IN19A117
14,74954,SNta29
15,153733,IN03A045
16,15810,IN13A021
17,15340,AN06B039
18,10654,IN06B012
19,102429,IN02A029
20,13139,DNxn152
21,12616,IN19B030
22,42235,DNg10
23,16511,DNg76
24,15255,INXXX129
25,13627,IN02A029
26,11386,DNx01
27,10835,DNp10
28,13104,IN14A021
29,23338,IN03A094
30,15210,IN11A007
31,25479,DNut047
32,10412,IN03A001
33,19083,IN03A028
34,22577,AN07B071
35,44420,DNht001
36,31813,DNxn139
37,159312,IN09A064
38,10858,IN18B011
39,42716,DNxn109
40,14416,IN13A051
41,12650,IN21A004
42,12483,ANXXX071
43,23522,IN21A042
44,14836,DNxl099
45,166357,IN09A062
46,10551,IN19A015
47,14024,IN04B015
48,18107,DNa11
49,12188,IN01A019
50,10152,IN01A001
51,20629,IN16B064
52,20695,IN19A114
53,11286,DNxn124
54,15992,AN05B050
55,20968,IN20A.22A018
56,40252,DNxn144
57,12396,Tergopleural/Pleural promotor MN
58,24786,IN01A069
59,102226,SNta29
60,23722,DNxn146
61,13724,IN14A009
62,12992,IN26X002
63,32184,SNppxx
64,10491,DNd03
65,14986,AN06B048
66,153835,IN04B059
67,19270,AN07B045
68,14031,IN04B028
69,24306,DNut047
70,26926,DNg52
71,160222,IN05B085
72,20036,IN13B093
73,18765,DNg82
74,154467,IN20A.22A052
75,16518,IN23B022
76,19825,IN13A042
77,166521,IN20A.22A009
78,23580,DNg07
79,32001,DNg92
80,14695,DNg19
81,14061,DNb08
82,22713,DNg81
83,17768,AN11B012
84,19877,IN08A024
85,16941,IN14A013
86,37876,DNnt010
87,17467,DNp64
88,20965,IN20A.22A026
89,24453,DNxn117
90,34905,IN14A017
91,18092,DNg63
92,23646,DNxn170
93,17798,DNxn157
94,24975,FNM2
95,11269,AN08B010
96,18466,IN02A029
97,24541,IN14A110
98,21431,DNxn172
99,21916,DNp39
100,38071,IN04B100
101,18099,DNg64
102,14148,IN04B010
103,18852,DNg04
104,10560,AN06B002
105,17630,DNp41
106,22757,IN20A.22A052
107,10528,AN19A018
108,20554,IN12B044
109,12941,IN12A013
110,26850,DNg03
111,13454,AN06B034
112,24115,AN12B060
113,19805,IN11A017
114,23793,IN12B072
115,13854,IN12B070
116,11770,IN13A005
117,10583,IN01A003
118,14140,IN03A065
119,16926,DNg14
120,10000,DNp01
121,14455,AN08B057
122,16548,IN01A035
123,10297,IN07B006
124,42609,DNg10
125,14954,IN04B015
126,25638,IN20A.22A038
127,27886,DNxn115
128,23037,IN19A118
129,42121,IN14A110
130,10983,IN09A003
131,37700,DNnt011
132,29976,DNg57
133,11193,IN17A016
134,153606,IN13A049
135,18440,Tr flexor MN
136,16925,AN08B059
137,31981,DNnt007
138,11746,AN06B011
139,18834,IN03A073
140,20107,IN01A063
141,154520,IN20A.22A030
142,12150,IN12B013
143,24131,DNxn100
144,156857,Fe reductor MN
145,18494,IN03A062
146,44358,DNg10
147,12915,DNxl108
148,28505,DNg110
149,14228,DNxn186
150,20845,IN20A.22A025
151,32431,DNut042
152,12931,IN17A028
153,11019,DNxl129
154,11552,AN19B018
155,10800,IN18B008
156,163891,GFC4
157,21523,IN03A085
158,12146,IN09B008
159,28977,IN14A102
160,28002,IN13B093
161,15311,IN20A.22A035
162,31165,IN11A039
163,20404,IN19A064
164,10317,IN19A005
165,27471,IN21A083
166,163105,IN03A067
167,21807,DNxn171
168,164146,IN04B111
169,23131,IN20A.22A039
170,11187,DNa16
171,16683,DNxl091
172,13996,IN08B040
173,24094,IN08A030
174,12698,DNp59
175,10294,AN07B003
176,34426,DNg92
177,13834,DNg44
178,37065,IN08A041
179,37799,DNg10
180,22517,IN12B072
181,15275,DNxn183
182,27038,IN09A074
183,18113,DNg26
184,15279,IN12B030
185,43372091396,SNta44
186,16183,IN08A041
187,157839,IN20A.22A078
188,11257,DNg31
189,14177,IN12A031
190,17079,IN17A044
191,17020,IN17A065
192,149498,SNta44
193,100579,IN04B091
194,158600,SNta29
195,50465,SNta42
196,11634,AN09A005
197,24530,IN09A061
198,18835,IN08A036
199,154301,IN12B030
200,26189,DNg03
201,12094,IN18B011
202,19593,IN01B016
203,51546,IN19A121
204,30809,DNg07
205,31709,DNg09
206,13641,IN14A010
207,19858,IN08A022
208,20979,IN20A.22A039
209,14575,DNg103
210,20646,IN13B070
211,68749,SNppxx
212,19551,IN13B036
213,17035,IN20A.22A011
214,10474,IN07B008
215,10286,INXXX045
216,13038,pIP10
217,49688,DNxn190
218,19658,SNpp19
219,45488,DNxn128
220,30998,DNut046
221,11346,IN10B014
222,22194,DNxn171
223,21864,IN20A.22A039
224,22896,AN26X004
225,37290,DNxn112
226,157077,IN19A096
227,13903,ANXXX132
228,20419,IN12B044
229,17898,DNp51
230,27371,DNg03
231,16792,IN20A.22A012
232,159203,AN07B071
233,24705,DNg02
234,11651,IN20A.22A002
235,42077,DNut046
236,25974,IN14A037
237,12239,AN01B002
238,13285,IN12B020
239,23451,IN14A026
240,14563,IN13B033
241,11268,DNp49
242,17474,DNxl086
243,13246,INXXX468
244,16973,IN04A002
245,13837,DNxn150
246,153808,AN19B051
247,12500,INXXX032
248,17571,IN02A029
249,100141,IN21A079
250,32447,DNnt012
251,39586,IN19A098
252,34059,IN21A096
253,13128,IN04B025
254,22717,IN20A.22A017
255,13500,IN16B032
256,16209,IN04B015
257,19038,IN08A036
258,12082,IN18B016
259,10802,IN07B007
260,22398,IN08A036
261,102322,IN04B034
262,15562,AN19B014
263,10731,IN19A014
264,25619,IN01B041
265,11158,IN16B020
266,13417,pIP10
267,26712,IN16B097
268,12122,INXXX135
269,19250,IN04B079
270,39001,DNxn109
271,15551,IN08B042
272,11253,IN07B012
273,17523,IN12B023
274,172026,SNppxx
275,11221,DNp06
276,16343,IN16B070
277,11282,IN19A013
278,15002,IN04B021
279,26261,IN04B100
280,10627,IN13B005
281,22373,IN02A033
282,14712,IN18B011
283,12770,DNp53
284,31390,IN13A061
285,21250,DNxl076
286,102239,SNta41
287,28875,SNta44
288,11941,IN21A015
289,24458,DNg08
290,33623,IN21A087
291,18148,IN04B079
292,13850,IN13A020
293,157834,IN20A.22A041
294,10903,ANXXX027
295,12231,DNp03
296,28176,DNg52
297,102694,IN19A022
298,20640,IN09A027
299,15143,DNxl097
300,34938,IN21A103
301,10686,INXXX004
302,101393,IN12B070
303,26388,IN04B112
304,43804032798,SNta40
305,10095,DNg105
306,24023,IN16B083
307,15782,IN08B058
308,14193,IN03A022
309,24896,IN01A018
310,166778,AN07B035
311,21994,IN20A.22A036
312,13652,IN12A021
313,13054,INXXX096
314,13213,AN08B031
315,10816,IN10B002
316,21587,IN12B050
317,11981,DNp43
318,34052,DNp16
319,17161,IN01A038
320,41708,GFC4
321,26991,DNg11
322,17507,DNp44
323,32535,DNxn109
324,166047,AN06A016
325,12855,DNp103
326,40948,DNnt011
327,13437,IN02A015
328,13169,DNg70
329,25734,DNut045
330,51939777929,DNut046
331,11948,IN21A020
332,10070,IN12B002
333,46105,SNta32
334,31999,DNxn107
335,22515,IN08A030
336,38657,IN19A132
337,186215,IN03A080
338,13397,Acc. ti flexor MN
339,26949,IN04B111
340,14155,IN07B044
341,10841,IN10B003
342,32498,DNg92
343,25925,DNg02
344,16346,Ta levator MN
345,20022,IN20A.22A016
346,21552,AN27X019
347,13411,DNxn175
348,11647,DNxn163
349,22482,IN01A074
350,156718,IN11A010
351,33196,IN19A117
352,100515,Sternotrochanter MN
353,11999,AN08B015
354,19056,IN03A066
355,41261,DNxn109
356,30744,DNxn144
357,11374,IN03A006
358,10217,DNg34
359,140848,SNta35
360,15680,DNp62
361,18815,DNg73
362,22215,Sternal anterior rotator MN
363,16642,IN12B025
364,13088,DNxl106
365,25363,IN03A085
366,16966,IN12B024
367,17154,IN11A008
368,15273,IN01A032
369,19173,IN21A028
370,19682,DNg42
371,53170881453,DNnt021
372,18748,DNxn126
373,20520,IN04B094
374,13754,INXXX126
375,13049,DNxl106
376,15576,DNg79
377,12044,IN13B006
378,10941,DNxl130
379,30559,DNg57
380,19446,IN04B050
381,18132,IN01A038
382,20535,DNxn147
383,10692,IN21A001
384,18165,IN20A.22A012
385,103757,SNpp51
386,13115,Ti extensor MN
387,10264,IN07B002
388,101851,DNht001
389,86867,SNta40
390,10194,DNd02
391,24477,IN13B078
392,12623,DNp14
393,19189,DNxn153
394,29772,DNnt008
395,27532,IN16B098
396,28338,IN13A061
397,26725,DNg12
398,18636,DNxl084
399,10899,ANXXX030
400,19167,IN04B053
401,63708,SNta41
402,45389356381,SNpp45
403,15708,DNa14
404,28560,IN04B102
405,156554,IN19A119
406,22547,IN19A117
407,42302,SNta41
408,44628,SNta20
409,26384,IN08A041
410,19863,IN08A034
411,16883,IN03A046
412,17133,Ti flexor MN
413,53595462076,DNxn137
414,156928,IN13A049
415,23518,DNg08
416,14693,DNut058
417,12704,Ti extensor MN
418,176812,DNg80
419,19235,IN03A067
420,15767,IN14B011
421,10307,DNb05
422,16661,IN01A047
423,24959,DNxl072
424,17366,DNxn159
425,15724,IN03A040
426,13660,DNg39
427,154304,IN08A046
428,32028,IN05B085
429,25304,IN08A046
430,10633,DNut060
431,25879,DNfl029
432,25050,DNg08
433,10634,DNp06
434,10829,DNp15
435,13291,DNxn164
436,11723,ANXXX041
437,42278,DNut046
438,24447,IN16B098
439,26868,IN01A078
440,18156,IN04B059
441,27899,DNp17
442,15768,IN20A.22A036
443,30013,IN19A098
444,16099,DNxn184
445,11812,IN17A017
446,23507,IN01A077
447,14737,IN21A023
448,12143,AN09B006
449,27039,DNxn132
450,32303,DNht001
451,11150,DNp07
452,21079,IN09A040
453,219894,Fe reductor MN
454,26120,IN02A056
455,15149,Ti flexor MN
456,12325,IN18B014
457,21909,DNg40
458,162742,IN20A.22A037
459,25977,AN10B046
460,10820,IN13A002
461,12974,DNp28
462,23855,DNut054
463,41766,DNxn116
464,20712,IN19A077
465,158065,IN23B018
466,14886,IN04B091
467,19507,IN13A059
468,13776,DNxl100
469,24390,IN09A077
470,11050,IN21A005
471,18881,IN04A002
472,11120,DNxl049
473,17547,DNfl040
474,66756,SNta42
475,19437,IN03A046
476,14236,IN01A040
477,10623,DNxl134
478,24603,IN14A026
479,34073,IN09A096
480,24681,IN20A.22A042
481,14199,IN12B020
482,149692,SNta31
483,32941,IN14A114
484,36718,DNfl016
485,47532,SNxxxx
486,14175,IN19A030
487,16072,IN07B045
488,65532,SNta41
489,13176,IN17A025
490,12648,INXXX096
491,43801,DNxn144
492,18920,IN16B058
493,32656,DNg92
494,28339,IN16B114
495,32539,IN09A096
496,18774,IN03A065
497,10913,IN07B012
498,153752,IN12B033
499,25090,IN14A087
500,22260,IN03A046
501,11595,IN06B016
502,24840,DNg08
503,20758,IN16B058
504,44953,SNta29
505,14589,IN08B042
506,100524,IN26X001
507,23190,DNg09
508,17194,IN23B013
509,34094,DNht001
510,18582,SNpp19
511,22108,IN01B019
512,17174,IN12B026
513,25989,DNut054
514,169171,SNta21
515,10351,AN19A018
516,156920,IN13A070
517,12686,Tergopleural/Pleural promotor MN
518,83408,SNta42
519,10202,IN23B001
520,33414,IN08A026
521,16571,DNg21
522,12708,IN16B032
523,15748,IN03A024
524,10532,DNg74
525,18955,IN14A023
526,19782,AN07B052
527,13304,IN09A006
528,18972,IN20A.22A076
529,13853,IN12A021
530,11588,DNp05
531,21648,IN12B049
532,11872,AN10B009
533,218896,IN20A.22A007
534,10414,IN04B001
535,26963,IN16B064
536,14514,IN08B038
537,100580,IN21A073
538,46882,DNnt022
539,22918,AN12B060
540,14011,IN17A053
541,11013,AN27X011
542,31592,DNp16
543,32499,DNit006
544,12482,DNp04
545,15034,IN16B045
546,18246,IN13A037
547,18155,IN20A.22A008
548,42776,SNta44
549,17602,AN19B051
550,27724,DNut041
551,18984,IN09A069
552,18631,IN03A069
553,13143,IN12B020
554,24152,IN12B078
555,15131,DNg95
556,101289,IN19A065
557,153202,IN12B024
558,20892,IN07B065
559,23761,IN02A029
560,101684,IN13B012
561,28111,IN03A069
562,29695,DNg106
563,15197,IN00A042
564,23506,IN04B100
565,13734,DNg90
566,38483,DNnt007
567,10122,DNp11
568,17919,AN19A018
569,13365,DNad006
570,49786,SNta41
571,19855,IN16B070
572,28746,IN08B035
573,163893,DNa08
574,23819,IN16B061
575,11195,IN08A006
576,26517,DNlt010
577,21118,IN12B044
578,18608,IN04B041
579,38977,DNxl066
580,17071,IN20A.22A012
581,11118,IN20A.22A008
582,35897,DNg07
583,28033,DNxn145
584,11702,AN08B010
585,14975,IN21A016
586,18887,ANXXX200
587,26254,IN02A011
588,164102,IN04B067
589,17731,IN13A051
590,27440,IN09A049
591,10562,DNxl014
592,10354,IN08A002
593,21870,
594,17279,DNnt020
595,36109,IN21A044
596,23084,IN13A060
597,31376,IN14A102
598,11012,DNp22
599,27396,DNnt008
600,153153,DNg63
601,11373,IN03B015
602,11583,IN11A005
603,152111,IN13A063
604,46341,DNxn188
605,15622,IN01B008
606,102619,IN08A034
607,11707,ANXXX071
608,24394,IN08A030
609,14307,DNp38
610,153836,IN01A085
611,10681,DNp26
612,23849,DNg07
613,10673,IN07B009
614,166934,AN08B031
615,23072,IN20A.22A041
616,92257,SNpp45
617,33124,IN13B075
618,11856,DNxl119
619,22614,IN16B091
620,27241,DNfl030
621,20335,IN20A.22A038
622,27011,DNg84
623,102493,IN16B029
624,33957,DNnt011
625,13235,IN12A019
626,16899,IN13B028
627,14757,AN12A017
628,24369,IN20A.22A025
629,30180,DNut039
630,10025,IN12B002
631,18305,DNxl090
632,13973,AN09A007
633,23759,IN04B072
634,16618,IN01A047
635,29081,DNxl135
636,42128,DNnt011
637,19010,DNg73
638,20012,AN07B071
639,23153,IN13A049
640,18697,IN03A073
641,21235,DNfl032
642,25709,DNg51
643,18693,IN03A094
644,27400,IN21A082
645,12749,ANXXX005
646,10960,IN13B004
647,34822,DNxn106
648,11254,DNxl126
649,18311,AN05B049
650,102536,IN04B092
651,40121,IN09A072
652,16910,IN13A050
653,20266,IN13B056
654,14811,IN04B015
655,16553,DNg104
656,13633,IN14B013
657,39733,IN13B097
658,19966,SNpp19
659,100564,SNppxx
660,102225,SNxxxx
661,174571,IN09B038
662,24392,IN12B066
663,21373,IN03A084
664,14824,Acc. ti flexor MN
665,11202,DNxn168
666,21498,AN16B078
667,17709,IN13A042
668,21588,IN20A.22A035
669,11204,AN08B012
670,34737,DNfl017
671,29261,DNfl044
672,11071,aSP22
673,16101,IN02A023
674,34462,DNut036
675,13419,DNxl106
676,13635,IN03B042
677,151715,DNit003
678,10769,ANXXX006
679,28329,DNg106
680,12172,DNxl116
681,17750,IN12B037
682,14467,IN04B025
683,24237,IN02A029
684,11936,IN19A016
685,29014,IN14A037
686,26849,IN14A064
687,21944,Fe reductor MN
688,25838,IN13A007
689,16942,DNxl093
690,10987,DNa16
691,21344,DNb03
692,13548,DNxn103
693,32010,DNht001
694,20792,IN13A060
695,13688,DNp21
696,24382,IN08A034
697,33176,SNppxx
698,14143,IN00A016
699,42673,DNxn116
700,11342,AN14A003
701,14245,IN16B041
702,17740,IN04B092
703,22412,DNg02
704,16351,IN03A094
705,31963,IN13A061
706,34733,IN09A064
707,39664,DNg10
708,12136,DNp03
709,15691,AN07B040
710,12848,IN23B009
711,17061,DNxn178
712,13465,IN04B026
713,26474,IN21A070
714,27771,DNp58
715,16230,IN04B021
716,37429,IN13B072
717,153456,SNpp50
718,17917,IN03A061
719,22657,IN21A087
720,16192,DNg71
721,22664,IN03A089
722,17643,DNg21
723,19930,IN08B082
724,25965,DNp72
725,10210,DNg34
726,18641,IN04B069
727,12304,DNb09
728,154854,IN08A021
729,12332,DNg38
730,17992,IN03A065
731,101447,IN04B073
732,11968,DNxn181
733,88711,SNta28
734,13262,DNxl104
735,20093,IN20A.22A012
736,11261,IN06B035
737,22970,IN16B018
738,14697,IN04B009
739,17314,IN04B059
740,158008,IN16B042
741,24435,IN19A107
742,11527,IN08A008
743,10902,AN19B009
744,20511,IN12B044
745,11398,AN05B095
746,12806,IN14A007
747,38996,SNxxxx
748,16605,DNml001
749,28752,DNg03
750,26398,IN20A.22A053
751,21794,IN21A060
752,11078,IN18B009
753,16632,Acc. ti flexor MN
754,27475,IN01B056
755,21399,IN20A.22A017
756,45225,SNta21
757,11831,IN03A004
758,20188,DNxn130
759,19159,AN07B062
760,23230,IN20A.22A028
761,27977,AN12B089
762,26296,DNxl077
763,166328,IN16B091
764,31123,DNg12
765,24405,IN16B077
766,11260,AN04A001
767,162733,IN20A.22A009
768,23048,Acc. tr flexor MN
769,28316,IN21A078
770,30912,DNxl067
771,10428,DNp31
772,100586,IN20A.22A082
773,26939,DNxn100
774,29524,DNg06
775,26911,IN08A050
776,25453,IN08A036
777,13438,MDN
778,21182,IN09A045
779,13238,DNd05
780,12515,IN14B005
781,174427,IN27X014
782,153988,DNxn154
783,17057,INXXX194
784,17400,DNfl040
785,11037,IN09A076
786,29058,DNlt009
787,11910,IN01A022
788,13662,IN12A021
789,20216,AN04A001
790,15212,IN20A.22A006
791,10595,AN19B010
792,11775,IN10B012
793,25176,IN14A050
794,10066,IN05B003
795,19475,IN04B066
796,39954,IN19A117
797,11836,IN17A022
798,13040,DNxl107
799,14230,INXXX468
800,14138,AN06B040
801,13236,IN13B015
802,12761,Acc. ti flexor MN
803,15478,IN19A032
804,12820,DNxl110
805,21175,IN13B068
806,16858,DNb02
807,192220,DNfl016
808,10436,DNp31
809,12029,DNg80
810,22032,IN21A047
811,11387,AN05B009
812,169854,DNut054
813,10885,IN01B001
814,28398,IN01A077
815,25409,DNg01
816,164152,IN13B057
817,66906,SNxxxx
818,31771,DNxn100
819,26502,DNfl028
820,16911,DNxl056
821,29096,IN02A060
822,19691,IN23B072
823,11264,DNg75
824,12431,DNb01
825,13944,IN17A061
826,14604,IN12A036
827,18963,Acc. ti flexor MN
828,28136,IN08A050
829,25745,IN13A061
830,16938,IN04B078
831,29781,DNxn110
832,25678,IN01A056
833,140905,SNxxxx
834,33066,IN20A.22A069
835,26288,DNg110
836,23318,Tergotr. MN
837,19677,AN07B051
838,11310,DNp42
839,100142,IN21A070
840,45849,DNxn105
841,21085,IN07B065
842,17345,IN03A039
843,17031,DNxl092
844,16400,Acc. tr flexor MN
845,10274,INXXX464
846,22003,IN12B058
847,10504,INXXX023
848,14246,IN12A021
849,19862,IN03A067
850,22974,AN08B101
851,44001,DNg07
852,14426,IN08B040
853,17538,IN09A026
854,20538,DNxl085
855,14538,IN12A036
856,32312,DNit005
857,11701,AN08B015
858,10564,AN19A018
859,40070,DNxn139
860,19569,IN09A074
861,31566,DNit006
862,16704,IN03A069
863,16007,IN12A037
864,14934,IN01A040
865,15895,DNg111
866,147829,SNxxxx
867,38208,IN13A071
868,32667,DNg12
869,20174,IN23B049
870,154496,SNppxx
871,24703,DNut046
872,10721,DNxn142
873,24058,IN21A067
874,10245,AN12B005
875,21731,IN04B073
876,101007,SNppxx
877,22606,SNta29
878,81202,IN13A063
879,26220,IN12B084
880,12348,AN17A024
881,26567,IN01B027
882,14815,IN20A.22A013
883,14926,AN07B045
884,21969,IN03A081
885,16648,DNml001
886,21507,IN03A084
887,16086,AN08B022
888,15566,ANXXX200
889,19873,IN20A.22A016
890,15249,DNg17
891,18022,AN19B044
892,10893,IN01A012
893,163731,IN03A049
894,14509,IN13B017
895,17619,IN13A027
896,19141,IN09A026
897,15117,DNxl098
898,14645,IN17A052
899,10604,AN03A002
900,96728,SNpp50
901,26524,IN01A078
902,44441,SNta31
903,20843,DNg02
904,10503,IN19A002
905,30659,IN13A059
906,11319,IN03B019
907,15756,IN16B057
908,20949,IN16B083
909,23698,Acc. ti flexor MN
910,65467,SNta40
911,14545,IN11A005
912,11977,pMP2
913,11399,SNpp52
914,19195,IN00A041
915,17331,SNpp19
916,39124,SNta29
917,42075,DNxn109
918,14998,IN20A.22A040
919,21162,IN20A.22A036
920,22934,IN09A077
921,15266,IN17A028
922,18029,IN20A.22A026
923,27125,DNp23
924,10515,SNta20
925,44321,DNit011
926,100584,IN12B043
927,100525,IN04B091
928,19218,IN03A075
929,19422,IN07B065
930,43562,IN13A056
931,26003,DNp72
932,56081,SNta31
933,15244,MNnm13
934,32146,DNxn112
935,13921,IN21A020
936,12885,AN09B006
937,25742,DNg08
938,43161,IN14A123
939,23385,DNxn146
940,11484,IN21A009
941,27361,DNg02
942,38167,DNxn109
943,28880,IN21A089
944,14257,DNp17
945,20291,IN21A038
946,10821,ANXXX024
947,20869,IN02A029
948,26979,DNg01
949,15896,AN08B043
950,11285,ANXXX008
951,17948,DNxn136
952,15791,Acc. ti flexor MN
953,25821,IN16B115
954,177220,SNta21
955,11472,IN16B018
956,14214,AN07B035
957,14103,IN12B020
958,24723,IN20A.22A040
959,20605,Acc. ti flexor MN
960,27502,GFC4
961,15162,DNg24
962,163639,DNxl075
963,14854,IN12A027
964,21290,DNnt017
965,23968,IN11A044
966,10659,IN16B014
967,13025,ANXXX130
968,12803,INXXX126
969,43700,SNta41
970,19797,IN14A015
971,30869,DNg106
972,13163,Ti flexor MN
973,55943,SNppxx
974,14336,TN1c
975,10476,DNg35
976,32534,DNnt008
977,10344,AN17A003
978,11969,IN11A011
979,13820,DNxn151
980,159663,IN23B072
981,25630,DNg72
982,11216,DNa04
983,10256,IN19A002
984,13113,DNxn162
985,100317,IN01B063
986,12167,DNb09
987,21007,IN13A047
988,100139,IN03A014
989,21140,IN01B019
990,20820,AN07B071
991,24279,IN19A126
992,28307,DNg36
993,30723,DNxn110
994,29338,DNp17
995,27912,DNfl022
996,21838,IN13B057
997,27167,IN21A087
998,25558,IN12B012
999,49985,IN20A.22A012
1000,46351,IN01B035
1001,20064,IN12B044
1002,171925,SNta29
1003,12158,IN17A025
1004,16997,IN03A051
1005,12479,IN16B016
1006,88955,SNta44
1007,24297,IN03A087
1008,21722,IN07B068
1009,20418,AN07B071
1010,27728,DNg12
1011,28286,IN16B122
1012,10396,IN03B011
1013,21150,DNxn119
1014,35492,SNta29
1015,21872,IN08A026
1016,19734,IN08B082
1017,11359,AN17B008
1018,14594,DNit008
1019,22610,IN13B054
1020,14210,IN09A016
1021,16612,IN20A.22A016
1022,24658,DNnt015
1023,23243,AN12B060
1024,10282,AN19A018
1025,100572,SNppxx
1026,26307,DNfl028
1027,18605,IN04B031
1028,13798,IN04B009
1029,11134,IN21A003
1030,32925,IN08A041
1031,13189,AN12B017
1032,165009,IN20A.22A001
1033,101952,IN23B024
1034,41336,DNut046
1035,16175,IN03A029
1036,159614,IN09A085
1037,22997,IN04B102
1038,16574,IN11A005
1039,153462,IN13B090
1040,14804,IN13B040
1041,177358,SNta44
1042,11047,IN06B008
1043,12141,DNp55
1044,28275,IN09A085
1045,23790,IN04B097
1046,27775,DNfl023
1047,31894,IN01B045
1048,31787,DNfl021
1049,10390,IN12B003
1050,20828,IN16B060
1051,27301,IN09A085
1052,17441,IN08B076
1053,20173,IN16B075
1054,153859,IN20A.22A069
1055,28775,IN16B121
1056,14635,IN13B019
1057,10059,INXXX003
1058,19073,IN01A063
1059,16881,IN20A.22A011
1060,10119,IN27X002
1061,11064,IN07B014
1062,10193,IN02A003
1063,15769,DNxn140
1064,41739,DNfl013
1065,100347,IN09A074
1066,12834,AN04A001
1067,18599,DNg20
1068,20836,IN04B078
1069,11696,IN18B014
1070,28051,IN14A009
1071,26020,IN08A046
1072,11803,DNxl120
1073,17494,DNfl039
1074,14276,INXXX194
1075,163719,Sternal posterior rotator MN
1076,27299,IN20A.22A024
1077,17189,IN13B055
1078,83486,SNta41
1079,15299,IN03A073
1080,12358,DNp04
1081,16112,IN08B045
1082,15026,DNc02
1083,155063,IN08A034
1084,15108,AN08B050
1085,48208,DNxn109
1086,14561,TN1c
1087,11011,IN21A013
1088,22890,IN07B065
1089,35413,DNg12
1090,22750,IN20A.22A017
1091,11628,AN19B024
1092,13537,AN12B011
1093,11703,IN09B006
1094,166374,Acc. ti flexor MN
1095,28028,IN19A081
1096,10099,IN10B001
1097,56044,SNta41
1098,23245,IN14A030
1099,22953,IN09A064
1100,156975,IN09A071
1101,11477,DNp32
1102,17002,IN12B029
1103,12712,IN21A005
1104,12053,IN19A032
1105,10102,ANXXX002
1106,19827,IN19A079
1107,12354,IN06B029
1108,10124,IN13B006
1109,10111,DNxl053
1110,15434,Ta depressor MN
1111,14528,IN01A041
1112,46614,SNta42
1113,39951,IN19A122
1114,17885,Acc. ti flexor MN
1115,28985,IN09A096
1116,30355,IN09A096
1117,22954,IN04B101
1118,45408815899,SNta41
1119,12155,DNxn123
1120,11052,AN19B009
1121,167413,DNxn134
1122,15462,IN20A.22A013
1123,22749,IN20A.22A053
1124,18777,DNxn173
1125,21891,IN20A.22A024
1126,27624,DNxn114
1127,11649,IN03B020
1128,29538,DNut054
1129,13804,DNxl131
1130,10661,IN01A005
1131,11349,DNb06
1132,46922,DNxn109
1133,101820,IN03A069
1134,41285,DNg10
1135,16842,DNp45
1136,10923,IN06B006
1137,215378,SNpp50
1138,10750,AN14A003
1139,15546,DNg71
1140,20386,Tergopleural/Pleural promotor MN
1141,26241,IN04B031
1142,43430,DNg10
1143,10320,IN13B001
1144,30861,IN09A084
1145,19698,IN12B030
1146,22501,DNp56
1147,154317,DNnt007
1148,18244,DNxn121
1149,67585,SNta31
1150,10213,IN19A001
1151,40712,DNnt007
1152,20717,IN03A078
1153,26837,IN08A036
1154,18168,IN13A041
1155,11072,DNx01
1156,30531,DNut042
1157,171350,IN03B035
1158,13344,AN12B017
1159,17614,IN20A.22A071
1160,25334,IN20A.22A052
1161,14046,IN03A020
1162,12617,DNxn179
1163,13936,IN11A007
1164,12177,AN08B022
1165,101858,INXXX281
1166,30176,IN13A043
1167,17385,IN17A065
1168,28449,IN19A098
1169,31435,IN13A055
1170,17244,DNp70
1171,15934,DNg79
1172,91430,SNppxx
1173,23003,IN06B065
1174,27044,IN14A038
1175,25827,IN08A036
1176,11985,AN19B022
1177,10855,DNg96
1178,19154,IN12B033
1179,33395,DNnt010
1180,18010,DNg45
1181,20049,IN16B058
1182,22330,AN07B082
1183,27279,DNp23
1184,45618,DNxn104
1185,18394,IN03A061
1186,12406,DNa09
1187,26854,DNxn135
1188,14042,DNg50
1189,18916,IN16B055
1190,14966,DNb08
1191,26391,DNp16
1192,10410,DNd03
1193,21351,IN01A058
1194,17911,IN12A036
1195,24186,DNxn169
1196,17717,DNxn148
1197,13947,IN12B020
1198,11525,IN06B016
1199,17329,DNut057
1200,16079,IN03A066
1201,19906,IN13A038
1202,39724,DNg83
1203,43661,SNta44
1204,14346,Pleural remotor/abductor MN
1205,16532,IN12B028
1206,17982,IN16B056
1207,27122,IN08A030
1208,27028,Tr extensor MN
1209,14623,DNg87
1210,13712,IN21A024
1211,11306,DNxl130
1212,25642,DNg36
1213,12940,AN01B004
1214,16097,IN20A.22A018
1215,10715,IN19B012
1216,65476,SNppxx
1217,12402,AN19B025
1218,23166,AN07B071
1219,14112,IN10B025
1220,17664,INXXX471
1221,11276,DNb06
1222,20800,IN13A058
1223,13506,IN04B013
1224,70285,DNg72
1225,12902,DNxn165
1226,39256,DNit007
1227,46787,AN18B053
1228,28518,DNut054
1229,69265,SNta41
1230,22689,IN21A046
1231,12416,AN08B022
1232,162539,IN13A001
1233,13116,IN03B035
1234,172106,IN19A061
1235,10103,DNg74
1236,15590,IN11A005
1237,101246,SNpp50
1238,10516,AN04A001
1239,12743,DNg88
1240,12521,INXXX110
1241,163475,IN21A060
1242,15729,AN12B055
1243,19421,AN07B042
1244,100412,SNpp39
1245,28970,IN21A056
1246,53062,DNxn128
1247,10121,DNg15
1248,12338,IN14A005
1249,11729,INXXX089
1250,158605,SNta29
1251,11751,INXXX466
1252,12259,DNa09
1253,10466,DNg74
1254,26044,IN08A025
1255,24326,IN09A071
1256,13226,DNp47
1257,16492,Ta depressor MN
1258,15762,IN13B028
1259,11212,IN14A001
1260,16856,IN20A.22A011
1261,22546,IN16B097
1262,24698,AN26X004
1263,12346,INXXX104
1264,25172,IN09A046
1265,14801,IN03A022
1266,158757,IN08A050
1267,11541,DNxl122
1268,25688,DNut062
1269,20006,DNb03
1270,15741,IN13B028
1271,48027,DNxn104
1272,32437,DNnt011
1273,12093,IN16B055
1274,17747,IN12B037
1275,25384,DNg110
1276,12119,IN13A018
1277,28042,DNfl045
1278,22855,IN20A.22A042
1279,13917,AN08B031
1280,38629,DNg10
1281,19249,IN03A069
1282,32383,DNht001
1283,20838,IN07B065
1284,16333,DNxn158
1285,21764,IN20A.22A069
1286,24515,IN09A074
1287,13123,IN06B030
1288,154804,Ta depressor MN
1289,101379,
1290,12170,DNxn123
1291,163237,IN20A.22A028
1292,15511,DNp35
1293,12862,IN12B018
1294,27338,DNut054
1295,27752,IN14A081
1296,21095,IN16B077
1297,34041,SNta29
1298,37795,IN13A061
1299,21492,IN13B074
1300,158391,IN04B100
1301,24202,IN03A084
1302,17486,SNpp52
1303,102697,IN04B091
1304,43602,SNxxxx
1305,48512,SNta21
1306,151729,DNxl063
1307,10690,IN17A001
1308,22710,DNg09
1309,21879,IN03A094
1310,14529,AN06B040
1311,49745,DNg77
1312,20287,IN13A035
1313,40420,DNfl014
1314,10909,DNg13
1315,16467,IN20A.22A011
1316,25543,DNg03
1317,11270,DNxl129
1318,13777,DNx02
1319,16928,IN12A036
1320,20603,IN20A.22A026
1321,10220,IN19B003
1322,28396,DNxn112
1323,11786,ltm MN
1324,22677,SNpp45
1325,13952,ltm1-tibia MN
1326,25283,DNg08
1327,100513,IN09A012
1328,42987,DNg10
1329,11660,DNb07
1330,26767,DNxn134
1331,100352,IN13A041
1332,46538,SNta44
1333,10448,AN09B007
1334,33148,DNht001
1335,153118,IN20A.22A071
1336,22276,IN20A.22A036
1337,44921,DNht001
1338,15356,DNxl097
1339,13283,Ti flexor MN
1340,22619,IN20A.22A035
1341,10679,IN09A010
1342,32776,DNxn107
1343,23461,DNfl031
1344,24374,IN19A124
1345,15041,IN03A023
1346,11573,DNxn176
1347,26166,IN20A.22A067
1348,28471,IN08A036
1349,29120,DNg12
1350,46024,IN19A107
1351,10707,IN17A001
1352,22870,DNg12
1353,32122,SNpp19
1354,14755,IN04B010
1355,172784,IN13A071
1356,11772,DNxl122
1357,26462,DNa03
1358,24914,IN20A.22A030
1359,48135,SNta44
1360,46406,SNpp41
1361,11396,IN20A.22A002
1362,14939,DNxn006
1363,176036,SNpp52
1364,23325,IN09A050
1365,14434,IN04B009
1366,28172,DNg02
1367,27759,IN14A048
1368,10023,DNp20
1369,102621,IN21A083
1370,14330,DNxl100
1371,17222,IN19A061
1372,154401,DNxn158
1373,38587,DNg12
1374,10330,IN27X004
1375,11243,IN01A004
1376,100493,IN21A014
1377,102538,IN19A122
1378,29728,IN20A.22A039
1379,150666,SNxxxx
1380,27658,IN01B045
1381,20077,IN04B066
1382,11069,AN03A002
1383,101516,SNpp45
1384,38263,DNxn139
1385,52252,SNta41
1386,10154,IN19A003
1387,23982,IN08A030
1388,17374,IN13B022
1389,15025,DNut058
1390,154460,IN09A096
1391,11766,IN09A010
1392,93878,SNta44
1393,31388,IN21A103
1394,28649,IN21A097
1395,31821,DNxn106
1396,21759,IN03A062
1397,14071,IN06B028
1398,27981,IN03A094
1399,19833,IN04B081
1400,157063,IN07B065
1401,12523,IN04B008
1402,21776,IN14A028
1403,13400,AN06A015
1404,196644,SNpp39
1405,12181,AN03A008
1406,32585,DNit005
1407,153221,IN08A046
1408,19479,IN12B044
1409,15527,IN21A002
1410,20953,DNfl033
1411,26658,Acc. ti flexor MN
1412,10107,DNg74
1413,61183,SNta38
1414,21001,IN04B095
1415,31381,DNfl021
1416,162543,INXXX464
1417,17291,DNxl087
1418,17713,DNp44
1419,10501,IN13B005
1420,156035,IN19A117
1421,32504,DNfl017
1422,22758,DNut052
1423,28823,DNxn115
1424,13203,DNp48
1425,27945,IN01A040
1426,11148,IN19A015
1427,46878,SNta41
1428,11974,DNp05
1429,17935,IN04B094
1430,15047,DNg49
1431,28538,DNp25
1432,24100,IN01B047
1433,22629,DNg81
1434,17910,IN01A047
1435,40109,DNxn144
1436,17613,IN03A069
1437,10982,IN17A028
1438,11531,IN21A011
1439,42155452632,SNxxxx
1440,17728,AN19B044
1441,171016,SNpp41
1442,14951,IN03A027
1443,10440,IN07B010
1444,58800,SNppxx
1445,27128,IN16B102
1446,29322,IN12B024
1447,19022,IN04B079
1448,152449,IN21A079
1449,36579,DNnt011
1450,11102,DNxl127
1451,20696,IN13B070
1452,23665,IN14A074
1453,10956,IN12B007
1454,10506,DNa10
1455,13658,GFC1
1456,12149,AN19B022
1457,20940,IN13A008
1458,24416,IN09A071
1459,15957,IN00A034
1460,10363,IN19A004
1461,22240,DNxn172
1462,13345,INXXX161
1463,26796,IN20A.22A038
1464,22153,IN20A.22A052
1465,227869,IN06B028
1466,15033,IN12A019
1467,10196,IN19A001
1468,17567,IN04B059
1469,35677,DNxn112
1470,16865,IN23B018
1471,79371,SNta45
1472,153054,IN21A083
1473,11074,INXXX031
1474,101794,IN19A011
1475,19029,IN14B014
1476,166505,IN19A118
1477,11561,DNp32
1478,32493,DNut039
1479,37852,DNg53
1480,20142,IN03A062
1481,10452,AN03B011
1482,153296,IN00A050
1483,24774,IN20A.22A076
1484,36495,DNit007
1485,11769,IN12A011
1486,13979,DNx02
1487,19332,EN21X001
1488,12847,DNxl109
1489,10192,IN19A003
1490,17572,IN04B038
1491,10021,DNp18
1492,10339,DNg100
1493,175721,SNta29
1494,11626,IN17A020
1495,16727,IN03A054
1496,41566,IN23B072
1497,43797,SNxxxx
1498,28884,Fe reductor MN
1499,164127,IN16B060
1500,10635,IN13A037
1501,27795,IN02A060
1502,10925,AN04A001
1503,14293,IN08B042
1504,16418,DNp54
1505,17407,IN04B024
1506,22963,IN20A.22A032
1507,15272,DNp27
1508,104140,DNxn144
1509,15631,IN03A029
1510,11559,IN03B025
1511,103884,SNpp52
1512,41205,DNxn128
1513,47230,DNxn105
1514,16004,IN08B058
1515,34506,IN01A019
1516,10247,SNpp53
1517,15335,AN09B020
1518,12942,INXXX058
1519,22394,DNp56
1520,17300,IN13A027
1521,23221,IN20A.22A052
1522,79520,SNxxxx
1523,13969,IN08B040
1524,19737,IN20A.22A012
1525,37559,IN03A085
1526,40169,IN19A136
1527,30965,IN11A044
1528,102663,IN09A016
1529,101519,SNxxxx
1530,13264,IN21A019
1531,18802,IN04B085
1532,10605,IN06B012
1533,15839,DNxn165
1534,27168,IN14A078
1535,29362,SNppxx
1536,12205,IN17A022
1537,165490,IN12B092
1538,10788,AN19A018
1539,18116,IN06B040
1540,23796,SNxx30
1541,20400,IN12B047
1542,21412,IN16B094
1543,19087,IN13B065
1544,18076,DNxl095
1545,13925,IN08A010
1546,10334,AN18B004
1547,23477,IN14A077
1548,17401,IN12B020
1549,22358,Ta levator MN
1550,23257,IN12B066
1551,16264,DNxn159
1552,18298,IN04B079
1553,40430,DNg10
1554,16607,IN19A061
1555,103668,IN14A068
1556,15499,DNxn174
1557,160183,IN14A010
1558,18279,DNp41
1559,11382,IN19A019
1560,29175,DNg01
1561,36345,IN20A.22A015
1562,102327,IN03A062
1563,14491,IN03A029
1564,17741,IN03A023
1565,38770,DNnt009
1566,30927,IN19A122
1567,39006,DNg67
1568,22416,DNxl075
1569,10451,AN18B004
1570,33074,DNxn109
1571,17155,DNa11
1572,11068,AN07B013
1573,20711,IN16B070
1574,17817,IN11A021
1575,43919,SNta41
1576,14582,IN20A.22A005
1577,10061,DNxl053
1578,13364,IN14A008
1579,10053,IN06B001
1580,10269,DNut040
1581,27621,IN01A083
1582,46594,SNta20
1583,16290,DNxl099
1584,22680,IN01A067
1585,20570,IN20A.22A012
1586,12120,IN03B032
1587,40338,DNg12
1588,16890,IN01B020
1589,24368,DNut048
1590,21519,IN04B081
1591,21340,IN08A036
1592,20600,DNg65
1593,19468,Ta depressor MN
1594,24168,IN21A056
1595,19287,DNfl036
1596,19367,DNxn156
1597,12831,IN06B024
1598,12189,IN13B011
1599,22245,IN16B058
1600,41622,IN21A100
1601,11744,IN08A007
1602,10449,AN19A018
1603,26647,IN03A094
1604,22475,DNg02
1605,28874,DNxn111
1606,49113,DNit010
1607,23378,IN07B065
1608,153398,IN09A048
1609,14728,IN04B013
1610,10281,INXXX045
1611,103611,IN14A042
1612,14848,Ti flexor MN
1613,10736,INXXX032
1614,15647,IN03A029
1615,17226,Tr flexor MN
1616,16303,IN23B007
1617,16426,IN12B027
1618,50774,SNta42
1619,166485,IN13A050
1620,13053,DNxn160
1621,18524,IN14A014
1622,20347,IN20A.22A008
1623,21488,SNpp19
1624,21477,IN01B021
1625,10322,AN07B003
1626,18120,IN20A.22A013
1627,19080,DNxl084
1628,13108,DNxl105
1629,13150,IN06A014
1630,34643,DNnt011
1631,30441,DNg02
1632,48473,DNxn128
1633,37234,IN20A.22A038
1634,12882,DNxl114
1635,21756,DNb03
1636,100002,IN09A063
1637,100516,IN01A067
1638,27663,DNlt009
1639,18773,IN13A041
1640,20694,IN12B043
1641,100491,IN09A009
1642,12440,IN10B013
1643,11281,IN17A007
1644,21194,IN12B066
1645,25562,IN13A058
1646,42595,SNta20
1647,19586,IN13B065
1648,23609,DNg40
1649,25842,IN04B094
1650,13722,IN16B061
1651,25523,IN08A050
1652,12070,INXXX091
1653,12099,IN08A007
1654,166304,pIP9
1655,31782,IN01B085
1656,40746,SNtaxx
1657,20030,DNut052
1658,13937,IN11A017
1659,23962,DNxn127
1660,31042,IN20A.22A069
1661,12535,INXXX096
1662,37139,DNit013
1663,173123,DNfl019
1664,32646,DNht001
1665,20322,IN12B049
1666,14979,DNx02
1667,22678,AN16B078
1668,158104,IN13B090
1669,14337,DNp57
1670,13244,DNg70
1671,101957,IN09A074
1672,26036,IN14A076
1673,162962,IN18B032
1674,10136,IN12B002
1675,15683,IN12A037
1676,13772,IN08B042
1677,17642,IN14A030
1678,12036,AN17A024
1679,13801,DNg69
1680,15826,SNta29
1681,32744,DNxn106
1682,36607,SNppxx
1683,10323,DNp15
1684,13135,IN17A037
1685,22393,IN13A047
1686,20252,DNp39
1687,28053,DNfl029
1688,15557,IN12B022
1689,15028,IN13B033
1690,21358,DNut051
1691,20815,IN03A069
1692,14147,ANXXX145
1693,43616,DNxn116
1694,18860,IN03A066
1695,34221,IN20A.22A007
1696,16733,IN23B043
1697,10512,AN02A002
1698,13560,INXXX045
1699,10665,IN01A007
1700,19821,DNg54
1701,12343,IN12B014
1702,15542,IN01A038
1703,65871,SNta41
1704,19298,IN08A030
1705,12735,DNxl111
1706,22738,IN12B062
1707,14803,IN17A052
1708,27219,IN08A041
1709,11440,DNxl124
1710,44199,DNxn144
1711,38785,DNut042
1712,28645,IN16B123
1713,17551,IN20A.22A011
1714,27871,IN20A.22A061
1715,11799,IN19A020
1716,13542,DNut037
1717,31911,IN20A.22A069
1718,20678,DNxl079
1719,11975,DNxl117
1720,166309,Tergotr. MN
1721,30242,DNxl067
1722,15866,IN20A.22A006
1723,14716,DNg19
1724,23873,IN01B041
1725,45911,DNfl016
1726,16045,IN17A041
1727,17861,IN20A.22A038
1728,14194,DNp57
1729,30311,
1730,10530,IN08A003
1731,25041,DNg02
1732,10086,DNg105
1733,24978,DNfl035
1734,14242,IN12B020
1735,20615,Sternotrochanter MN
1736,15423,AN05B049
1737,25238,IN09A071
1738,12289,IN10B014
1739,15239,AN05B049
1740,18265,DNxl128
1741,23093,IN12B048
1742,152392,IN14A024
1743,31523,DNht001
1744,26812,IN01B027
1745,20612,ltm1-tibia MN
1746,10827,IN03A004
1747,18874,AN03B095
1748,17667,IN12B029
1749,10591,AN05B010
1750,12108,AN12B011
1751,50464,DNit004
1752,101499,IN19A121
1753,13672,IN19B038
1754,13848,DNad004
1755,14014,AN19A019
1756,14448,IN02A019
1757,22316,IN12B059
1758,18509,IN08A019
1759,15967,AN14B012
1760,11597,AN01A014
1761,61985,SNta31
1762,14409,DNp21
1763,61746,SNta42
1764,16600,IN13B032
1765,13473,DNxl102
1766,12513,IN10B013
1767,43758,GFC4
1768,15718,DNxn150
1769,43778,DNg10
1770,13916,DNc01
1771,12375,IN19A024
1772,20328,IN03A066
1773,163401,IN08A050
1774,31482,DNg46
1775,20208,IN14A015
1776,20393,IN14A026
1777,17490,AN04B051
1778,10579,IN08B004
1779,94327,SNppxx
1780,17395,AN04B004
1781,11885,AN04B004
1782,27350,DNxl070
1783,154060,SNpp19
1784,16315,IN23B021
1785,21742,IN12B045
1786,19647,IN03A024
1787,11532,IN06A004
1788,13208,IN08B030
1789,18500,IN13A035
1790,23397,IN20A.22A056
1791,24919,DNg08
1792,165318,IN04B094
1793,11709,IN21A008
1794,16678,AN08B057
1795,44465,SNta29
1796,17526,DNxn155
1797,10522,IN19A010
1798,12268,IN01B035
1799,24173,IN12B048
1800,11048,DNg13
1801,16197,DNxn101
1802,11798,DNxn181
1803,20194,DNg89
1804,17865,DNfl038
1805,11589,IN21A010
1806,15116,IN13B023
1807,15257,DNxn006
1808,10584,IN13A002
1809,23630,IN13A038
1810,16964,IN04B028
1811,10770,ANXXX024
1812,26571,DNnt014
1813,15909,DNg33
1814,20571,IN02A029
1815,17075,AN01A049
1816,16419,Pleural remotor/abductor MN
1817,14431,IN01A036
1818,30827,IN08A050
1819,167220,IN20A.22A056
1820,25214,IN20A.22A035
1821,10328,IN01A002
1822,26251,DNp72
1823,22184,IN16B058
1824,166385,ltm1-tibia MN
1825,11586,IN10B012
1826,22224,IN20A.22A025
1827,25529,DNg08
1828,20585,IN04B095
1829,10535,DNxl014
1830,18717,MNnm12
1831,14091,IN03A019
1832,12667,IN17A028
1833,190108,SNpp52
1834,12202,IN21A012
1835,45443,DNg10
1836,19651,IN21A045
1837,21747,IN09A062
1838,29182,DNfl021
1839,20898,DNut052
1840,12747,DNxn179
1841,20311,IN21A042
1842,21241,Sternal posterior rotator MN
1843,26783,IN16B114
1844,11223,IN03B022
1845,23528,IN20A.22A041
1846,26026,IN14A101
1847,100314,ANXXX023
1848,13348,DNxn151
1849,15761,IN19A069
1850,19112,DNnt018
1851,19471,IN13B010
1852,53260,SNxxxx
1853,10185,IN13A003
1854,11720,AN07B011
1855,10905,AN01A006
1856,18814,DNp65
1857,20037,IN20A.22A015
1858,22496,IN13B064
1859,34830,SNppxx
1860,22875,DNg12
1861,154730,IN21A049
1862,54023,SNta42
1863,14041,IN13A019
1864,25263,IN09A064
1865,13536,vPR9
1866,22380,IN01B027
1867,11666,IN17A041
1868,13256,IN06B029
1869,102416,SNpp19
1870,32699,DNnt013
1871,10397,AN12B005
1872,16760,DNg26
1873,14113,IN13B017
1874,11152,IN13A006
1875,21567,IN04B066
1876,28711,IN03A094
1877,43111,SNta38
1878,47124,DNut034
1879,156917,IN13B064
1880,18252,DNxl085
1881,25747,IN01B052
1882,12792,DNg91
1883,11782,IN14A005
1884,39795,IN13B098
1885,100563,IN03A072
1886,24139,ltm MN
1887,16417,DNp54
1888,42376,IN20A.22A071
1889,153806,IN16B077
1890,28415,IN19A098
1891,34387,IN18B045
1892,17712,IN23B043
1893,17365,AN05B049
1894,21189,IN04B081
1895,30757,IN16B115
1896,166416,IN04B104
1897,17777,DNxn136
1898,33429,DNxn112
1899,16894,IN16B041
1900,11854,IN21A010
1901,23585,DNxl079
1902,15497,IN17A061
1903,19563,IN16B077
1904,12275,DNa05
1905,23149,IN09B006
1906,25344,IN20A.22A028
1907,25128,DNg08
1908,31778,DNxn108
1909,10804,AN18B002
1910,20857,IN09A021
1911,11024,INXXX029
1912,10318,IN07B029
1913,23537,IN03A073
1914,10485,IN18B005
1915,35423,IN21A109
1916,10416,IN07B002
1917,24691,IN14A064
1918,11688,IN01A018
1919,20158,IN03A061
1920,27633,IN17A051
1921,23805,IN08A026
1922,16670,IN20A.22A012
1923,10010,IN07B001
1924,45829,SNta31
1925,17553,IN12B037
1926,14690,IN00A010
1927,20686,IN12B044
1928,10395,IN08A003
1929,20847,DNxl081
1930,22704,IN12B035
1931,17963,DNb02
1932,17462,IN17A092
1933,25475,Acc. tr flexor MN
1934,10536,INXXX032
1935,15993,IN01A039
1936,15583,IN13A038
1937,166555,IN20A.22A049
1938,21483,IN03A085
1939,49724,IN23B072
1940,16562,DNfl015
1941,12724,IN14B005
1942,154480,IN20A.22A013
1943,15503,IN03A085
1944,13299,DNxn152
1945,152755,IN12B040
1946,11924,IN17A016
1947,20572,Tr flexor MN
1948,169330,SNta40
1949,11098,AN12A003
1950,13933,IN20A.22A006
1951,26377,DNxn117
1952,12809,AN01B004
1953,18052,IN03A062
1954,41705,IN21A084
1955,10332,IN08A002
1956,10255,DNg16
1957,17317,IN03A045
1958,23224,IN20A.22A018
1959,39216,DNfl016
1960,100554,IN16B114
1961,16477,IN03A046
1962,14822,IN08B052
1963,27026,DNfl026
1964,17373,IN03A069
1965,103220,IN04B014
1966,14120,IN14A011
1967,19982,IN13B059
1968,14906,SNpp51
1969,10494,dMS9
1970,18145,DNg02
1971,15122,IN08B040
1972,13815,IN16B055
1973,171442,IN12A053
1974,15344,DNa06
1975,18535,IN20A.22A052
1976,24020,IN08A036
1977,16266,AN11B008
1978,11413,DNp12
1979,10538,IN08B004
1980,16527,IN04B039
1981,11435,IN13A009
1982,19784,IN01A053
1983,16658,ltm MN
1984,16355,IN01A040
1985,15090,DNg24
1986,10768,IN03B016
1987,19699,IN03A061
1988,38194,IN01B028
1989,26713,DNxn143
1990,33641,DNnt011
1991,10922,SNpp19
1992,21718,Sternal adductor MN
1993,21782,IN04B081
1994,14798,Ti flexor MN
1995,12464,AN19B025
1996,27450,DNg03
1997,17995,DNfl039
1998,41387,DNg10
1999,23303,IN03A046
2000,15914,IN21A022
2001,37992,DNg67
2002,10952,IN06B018
2003,33287,DNnt013
2004,28842,IN01A080
2005,11017,IN00A004
2006,10165,AN18B001
2007,12567,IN19A016
2008,16476,DNg26
2009,15426,DNxl068
2010,41773,DNxn139
2011,186518,SNta29
2012,10065,INXXX003
2013,30664,DNut046
2014,10114,vMS17
2015,163638,IN21A006
2016,15099,DNp67
2017,10228,GFC1
2018,17034,IN07B044
2019,31170,DNxn116
2020,29317,DNnt014
2021,31265,DNg60
2022,21091,IN20A.22A011
2023,26569,IN20A.22A018
2024,23448,DNxn147
2025,38116,SNta32
2026,12104,IN13A012
2027,14197,AN08B031
2028,172309,IN01B021
2029,101683,IN11A007
2030,163344,IN12B024
2031,22931,IN12B041
2032,47107,SNta29
2033,25473,DNg02
2034,23828,AN07B071
2035,14380,IN03B035
2036,25110,DNg51
2037,100046,SNpp41
2038,21714,DNg02
2039,50110,SNta42
2040,19266,DNfl042
2041,28014,IN08A046
2042,29983,DNg106
2043,10722,IN08A006
2044,11697,DNxn162
2045,14562,IN01B019
2046,17856,IN13A047
2047,165341,IN03A027
2048,26947,IN01B051
2049,24324,DNxn132
2050,15811,IN04B034
2051,19174,DNg01
2052,14739,DNa14
2053,17678,IN04B031
2054,10472,INXXX032
2055,101549,GFC4
2056,21549,AN12B060
2057,43094,IN21A100
2058,158513,IN03A046
2059,31228,IN02A060
2060,19081,IN19A064
2061,10314,AN04B001
2062,14387,IN13A051
2063,11228,DNp07
2064,23054,IN03A084
2065,100813,IN20A.22A038
2066,14554,IN23B029
2067,28251,IN19A063
2068,18351,DNg20
2069,194124,IN01B021
2070,20647,DNxn119
2071,19680,IN20A.22A015
2072,21581,IN23B062
2073,159317,IN09A030
2074,11471,IN09A004
2075,11913,AN12B008
2076,157907,IN20A.22A026
2077,27304,IN19A081
2078,20652,IN16B076
2079,20771,IN23B020
2080,13809,MDN
2081,12366,IN08B019
2082,103011,IN21A035
2083,17128,IN04B013
2084,14282,DNd04
2085,20823,IN20A.22A041
2086,13484,AN23B010
2087,17858,AN07B052
2088,14522,DNp63
2089,101927,SNppxx
2090,11263,DNg31
2091,17358,DNxl094
2092,15422,IN02A015
2093,18990,IN04B102
2094,102117,DNit006
2095,27271,IN01B047
2096,16814,DNg111
2097,22601,AN08B103
2098,18399,IN12A041
2099,32169,DNg92
2100,12716,DNxl112
2101,12342,ANXXX106
2102,15885,IN16B075
2103,17351,IN04B047
2104,158331,IN19A112
2105,39751,DNut042
2106,33554,DNxl065
2107,26230,IN14A081
2108,12012,DNxn176
2109,13592,DNxl101
2110,14419,MDN
2111,16269,IN08B068
2112,25461,IN19A112
2113,166548,IN09B005
2114,35902,DNg110
2115,27292,IN21A084
2116,156530,IN13A047
2117,16224,IN04B092
2118,16803,DNxl090
2119,34523,IN19A120
2120,154691,IN19B012
2121,26006,IN20A.22A069
2122,30430,DNnt007
2123,14718,IN01A041
2124,14650,INXXX468
2125,15381,IN13B019
2126,19614,IN04B079
2127,41481,SNta38
2128,14355,AN07B035
2129,27852,IN13B078
2130,26613,Tr flexor MN
2131,21657,IN09A047
2132,13184,DNxn164
2133,10477,IN00A001
2134,20432,DNp65
2135,10138,DNg16
2136,17176,Sternal anterior rotator MN
2137,12134,Ti flexor MN
2138,10838,IN10B004
2139,40045,IN21A081
2140,36489,DNxn144
2141,26838,DNp17
2142,29021,DNg06
2143,13012,DNp14
2144,10916,DNp22
2145,32956,IN13A061
2146,13119,IN13A019
2147,15127,DNp60
2148,206048,SNpp41
2149,25931,DNa07
2150,10526,DNd02
2151,10732,DNp10
2152,16008,IN13B028
2153,18089,IN13A041
2154,10502,AN03B009
2155,30185,IN09A083
2156,29878,IN20A.22A083
2157,12722,IN06B032
2158,10101,DNg15
2159,11500,ANXXX041
2160,12934,DNg38
2161,11850,IN17A017
2162,11512,IN06B016
2163,18747,IN03A045
2164,156207,IN14A048
2165,18520,IN03A051
2166,19443,Tergotr. MN
2167,12260,IN21A007
2168,30738,DNut046
2169,31112,DNht001
2170,42957,SNta41
2171,14144,IN01A025
2172,17236,IN12B028
2173,40879,IN21A097
2174,14007,DNad004
2175,23553,Tergotr. MN
2176,163222,IN03A035
2177,32619,SNta41
2178,24271,IN08A036
2179,226276,Fe reductor MN
2180,23404,DNfl012
2181,13361,IN06B008
2182,16897,Ta depressor MN
2183,31885,DNxn073
2184,153200,IN04A002
2185,29987,DNnt007
2186,21638,DNxl075
2187,34040,IN14A038
2188,14937,DNg49
2189,23866,IN08A021
2190,40501,DNxn109
2191,11095,AN27X003
2192,29902,DNg07
2193,15430,IN03A034
2194,10860,IN00A002
2195,12001,IN18B016
2196,27488,IN12B083
2197,18189,DNg45
2198,19952,DNxn148
2199,20623,IN08A050
2200,12731,DNxn179
2201,36468,DNut042
2202,15855,DNa08
2203,100292,IN03A028
2204,13589,IN04B010
2205,17193,DNnt019
2206,102845,SNpp19
2207,11780,IN13A014
2208,22391,IN01A069
2209,64237,SNta41
2210,25814,DNg110
2211,45214,DNxn109
2212,25021,IN13B090
2213,15332,IN17A053
2214,10450,IN19B005
2215,51742,SNta42
2216,32317,DNxn073
2217,38541,AN19B051
2218,25171,DNg02
2219,28680,DNg02
2220,74115,SNxxxx
2221,21342,IN03A061
2222,27207,DNg03
2223,28252,IN20A.22A038
2224,12753,DNxn179
2225,10422,IN19A012
2226,34862,DNg12
2227,15254,IN23B013
2228,22290,DNut054
2229,10650,AN00A002
2230,12565,IN00A010
2231,19153,IN13B030
2232,18829,IN13A035
2233,103459,IN09A069
2234,26081,IN20A.22A049
2235,25345,IN02A033
2236,19417,IN14A023
2237,24029,IN12A056
2238,37671,IN08A036
2239,21750,DNxn180
2240,34382,DNg12
2241,150569,SNta41
2242,18424,DNp29
2243,29980,IN13A051
2244,30858,DNnt007
2245,40730,SNta28
2246,14420,IN13A051
2247,12863,DNg37
2248,17004,DNxn156
2249,10463,IN07B009
2250,14137,IN04B008
2251,24316,DNg47
2252,10818,INXXX032
2253,12165,ANXXX041
2254,23985,IN03A088
2255,13845,DNg44
2256,152300,SNta42
2257,21801,IN20A.22A016
2258,12692,AN06B005
2259,11853,IN16B033
2260,18173,IN01B010
2261,10557,ANXXX006
2262,48107,DNfl043
2263,22863,IN14A047
2264,21499,IN04B072
2265,21576,IN21A047
2266,17953,IN03A051
2267,17529,IN11A010
2268,13770,IN04B026
2269,39158,DNxn144
2270,24041,IN09A071
2271,11009,INXXX031
2272,11859,DNxl118
2273,24522,IN14A078
2274,15904,IN03A045
2275,24925,IN20A.22A038
2276,33292,IN13A051
2277,14606,AN08B059
2278,24989,DNxn170
2279,13970,AN10B024
2280,12542,IN12B018
2281,104831,DNht001
2282,156783,IN16B056
2283,15654,IN12A037
2284,30212,DNg05
2285,22776,IN12B050
2286,176792,DNad006
2287,33827,IN19A081
2288,43962,IN21A087
2289,20882,IN03A073
2290,11560,AN07B017
2291,15284,IN08B042
2292,25683,DNa03
2293,12534,INXXX126
2294,45807,IN19A058
2295,10211,AN04B001
2296,36532,SNta20
2297,14073,IN17A052
2298,10284,DNut040
2299,13066,DNxl107
2300,45834856496,SNppxx
2301,14756,IN08B037
2302,74425,SNta21
2303,26365,IN08A046
2304,14074,DNp67
2305,19370,AN07B052
2306,11320,IN03A007
2307,15563,AN05B049
2308,41871,SNta41
2309,21154,AN08B106
2310,29811,DNut042
2311,32773,IN09A096
2312,10884,AN07B015
2313,36124,IN19A124
2314,10979,IN09A004
2315,32092,IN11A044
2316,13068,IN14A004
2317,11518,IN17A019
2318,10411,AN14A003
2319,154800,IN19A022
2320,12891,Fe reductor MN
2321,21749,Ta depressor MN
2322,46595,DNit003
2323,18902,IN23B049
2324,21659,IN12B047
2325,10647,AN01A014
2326,11563,AN08B010
2327,13047,IN13A018
2328,11116,IN10B007
2329,153401,SNpp19
2330,13464,Tergopleural/Pleural promotor MN
2331,14301,DNxn187
2332,13555,IN11A002
2333,153142,Tr flexor MN
2334,165509,IN20A.22A004
2335,18153,DNp41
2336,10298,IN07B002
2337,17475,IN02A029
2338,36252,IN09A096
2339,17544,IN08B054
2340,10590,IN03B021
2341,32742,DNg12
2342,14549,ADNM2
2343,12901,IN03A013
2344,18158,IN01A072
2345,41075,IN01A083
2346,23042,IN03A084
2347,155060,IN20A.22A039
2348,17134,IN08B046
2349,155134,SNta20
2350,19406,IN19A098
2351,14430,IN12B081
2352,10867,AN12B008
2353,27534,DNp17
2354,11452,IN08A049
2355,18840,DNg01
2356,16986,IN08A019
2357,21808,IN04B104
2358,10435,IN27X005
2359,13073,ANXXX200
2360,23460,IN11A024
2361,10981,AN19B014
2362,14475,IN03A018
2363,26733,IN16B098
2364,19413,IN03A051
2365,27629,DNxn145
2366,102415,SNpp19
2367,19767,IN12B034
2368,102138,IN04B085
2369,10443,AN07B005
2370,25674,Ta depressor MN
2371,17118,IN01A047
2372,21454,DNut050
2373,10648,DNxl133
2374,17409,IN04B050
2375,25690,IN02A029
2376,10540,AN07B005
2377,14786,DNg50
2378,20714,IN01B019
2379,19122,IN21A037
2380,10751,DNa01
2381,49247,SNta44
2382,13764,DNp47
2383,12466,DNxl114
2384,14151,IN11A021
2385,10857,AN06B005
2386,15288,AN04B023
2387,16350,DNg26
2388,22868,IN04B098
2389,27906,DNut041
2390,24299,IN16B056
2391,26293,IN09A068
2392,100243,IN12B038
2393,15217,IN16B045
2394,157835,IN13B056
2395,14039,IN13A035
2396,16508,IN20A.22A009
2397,28795,IN19A120
2398,16721,IN12A041
2399,10112,AN19B001
2400,12791,DNxl110
2401,24747,Sternal posterior rotator MN
2402,22105,IN08A022
2403,58557,SNta42
2404,32106,DNht001
2405,19775,IN13A043
2406,19366,IN04B079
2407,28138,DNg106
2408,26717,IN16B091
2409,30591,SNpp50
2410,22485,IN20A.22A076
2411,11973,IN20A.22A001
2412,12462,AN19B024
2413,10389,IN13A050
2414,11930,DNp43
2415,13553,DNg68
2416,11443,DNg99
2417,19069,IN03A075
2418,34520,IN19A082
2419,18755,IN04B067
2420,10098,AN02A001
2421,10199,IN19A008
2422,23545,IN04B098
2423,15596,IN03A029
2424,12787,IN12B015
2425,28224,DNg07
2426,116607,SNpp53
2427,29430,IN08A036
2428,13490,Tergopleural/Pleural promotor MN
2429,18214,IN12B035
2430,21443,IN20A.22A030
2431,15524,IN04B015
2432,20035,IN20A.22A015
2433,16393,DNfl042
2434,23715,IN12B060
2435,15874,IN03A034
2436,156733,DNit007
2437,171417,SNta31
2438,13414,AN04B003
2439,13980,IN03B035
2440,20974,IN20A.22A069
2441,27904,IN09A014
2442,11057,IN19B003
2443,153333,IN19A098
2444,18334,IN12B034
2445,31752,IN21A089
2446,12552,AN17B011
2447,11392,AN27X011
2448,12441,AN08B022
2449,10381,AN05B007
2450,22571,IN14A064
2451,34390,DNnt011
2452,20767,IN08A034
2453,29760,DNit007
2454,23158,IN20A.22A038
2455,44091,SNppxx
2456,25581,IN20A.22A082
2457,19816,IN21A035
2458,29640,SNta28
2459,15119,IN12A036
2460,159145,IN06B028
2461,26741,IN13A061
2462,43694,IN19A117
2463,11279,DNxl125
2464,26539,IN01A075
2465,23663,DNp46
2466,10420,DNg93
2467,13563,Ti flexor MN
2468,15965,SNta40
2469,26574,DNg52
2470,45282,DNut034
2471,26690,IN13B090
2472,10989,IN27X005
2473,15650,DNxl095
2474,18304,IN12A036
2475,18023,IN07B045
2476,11622,DNg29
2477,27760,IN04B115
2478,148300,SNxxxx
2479,12857,IN14A006
2480,18253,IN04B070
2481,22088,IN13A035
2482,22762,IN04B098
2483,15881,IN01A038
2484,21862,IN04B101
2485,24102,DNnt015
2486,10058,DNg108
2487,15435,IN02A019
2488,14910,DNxl098
2489,20057,IN03A085
2490,25825,DNg02
2491,12587,AN06B015
2492,12257,DNp55
2493,14838,IN13A021
2494,12683,DNut037
2495,41420,DNht001
2496,11331,IN19A014
2497,25609,IN01B038
2498,80571,IN21A087
2499,22210,ANXXX255
2500,31742,DNg12
2501,103399,IN08A041
2502,31006,DNg06
2503,24242,IN07B065
2504,22993,IN13B079
2505,13310,IN13A015
2506,12472,INXXX110
2507,12451,DNxl115
2508,10496,IN05B010
2509,10370,IN12B003
2510,21586,IN20A.22A036
2511,19909,AN08B049
2512,13580,IN00A009
2513,23152,IN04B093
2514,12026,IN13A010
2515,20649,DNxn127
2516,12305,ANXXX092
2517,11958,IN13B013
2518,16352,IN08A021
2519,14585,DNp68
2520,40234,DNut036
2521,24466,IN20A.22A026
2522,16169,IN11A011
2523,11938,DNp26
2524,11656,IN13B009
2525,17269,IN19B054
2526,34548,DNnt009
2527,101053,IN13A051
2528,25512,SNpp19
2529,153484,IN20A.22A055
2530,11743,DNp69
2531,27520,DNfl024
2532,14856,IN12A027
2533,47304,IN14A110
2534,45010491531,SNppxx
2535,19929,Tr extensor MN
2536,28478,DNg12
2537,12403,IN14A006
2538,22339,IN09A071
2539,19045,DNxl091
2540,28527,DNg05
2541,14493,IN01A040
2542,15300,IN03A045
2543,10819,DNp13
2544,11524,AN17A014
2545,165870,AN07B085
2546,12252,IN06B021
2547,47920,SNta38
2548,32461,DNxn112
2549,14088,IN04B009
2550,17546,IN03A066
2551,14903,DNg17
2552,12046,IN05B020
2553,28140,IN01B027
2554,22621,IN01A074
2555,13333,ANXXX106
2556,27464,IN14A092
2557,16179,IN04B019
2558,24452,IN03A094
2559,26639,IN09A073
2560,11036,AN17A015
2561,43234,DNg10
2562,20082,DNxl081
2563,13247,DNxl105
2564,34099,IN19A117
2565,30071,IN19A081
2566,10230,IN13A009
2567,22685,IN14A033
2568,10470,AN03B011
2569,14947,DNg109
2570,17580,IN13B028
2571,30716,IN11A008
2572,11183,INXXX058
2573,13710,IN12A021
2574,19985,IN04B093
2575,32450,IN19A133
2576,25870,DNg84
2577,12191,GFC1
2578,26972,IN09A071
2579,26359,AN07B071
2580,20336,IN23B034
2581,16162,IN12A029
2582,173560,Tr extensor MN
2583,25064,IN01A072
2584,196542,IN08A026
2585,28526,IN01A025
2586,11160,DNp49
2587,14523,MDN
2588,102868,IN21A003
2589,15715,IN13A015
2590,36930,DNg07
2591,74801,SNpp45
2592,18413,IN03A051
2593,27306,IN13A060
2594,28594,DNg03
2595,10295,AN07B005
2596,26039,DNg07
2597,14026,DNut059
2598,12582,IN09B005
2599,14338,TN1c
2600,44984,IN20A.22A025
2601,31446,DNfl019
2602,11511,IN19A016
2603,25306,IN21A067
2604,14578,IN01A034
2605,25799,IN08A050
2606,20029,DNxl082
2607,29312,DNxl067
2608,11506,INXXX029
2609,26352,IN08A036
2610,20489,AN12B060
2611,100531,SNpp50
2612,12830,ANXXX132
2613,11694,AN08B010
2614,20042,DNb03
2615,18924,IN09B038
2616,33339,DNxl063
2617,16337,IN13B032
2618,13281,AN12B019
2619,32851,IN01B082
2620,16080,IN13A035
2621,154565,IN14A044
2622,10012,DNp18
2623,10599,IN03B021
2624,28020,IN21A079
2625,45415,IN13B074
2626,20703,IN23B037
2627,28572,DNg07
2628,155044,IN16B094
2629,21386,DNxn119
2630,20205,AN07B071
2631,26205,IN01A069
2632,13239,DNxn102
2633,13436,AN04B003
2634,17534,IN04B073
2635,21158,DNxn119
2636,19869,IN12B024
2637,14567,IN03A066
2638,16746,DNxn149
2639,16311,AN07B040
2640,13940,IN16B034
2641,23813,DNut048
2642,31855,DNht001
2643,11886,ANXXX082
2644,10126,DNa02
2645,12071,IN07B020
2646,12719,DNxn161
2647,15845,IN01A078
2648,37443,IN09A096
2649,12655,IN19A032
2650,29521,DNut054
2651,18046,DNxn131
2652,18006,Sternotrochanter MN
2653,12628,Tergopleural/Pleural promotor MN
2654,11990,AN17A014
2655,10182,AN19B001
2656,57016,SNta41
2657,28497,IN08A034
2658,15005,IN04B013
2659,10763,IN18B008
2660,17636,IN13A035
2661,101827,IN01A053
2662,21676,IN23B062
2663,18207,DNg78
2664,19697,IN13A050
2665,17186,IN03A049
2666,42106483966,IN12B040
2667,15003,IN12A021
2668,10387,IN04B001
2669,10582,IN19A018
2670,17211,DNp30
2671,26662,DNnt014
2672,18041,DNxn155
2673,10276,IN12A001
2674,23649,SNta32
2675,20654,IN13A049
2676,11380,IN06B006
2677,36845,DNit005
2678,13443,DNg27
2679,16567,DNxn149
2680,22162,IN08A036
2681,42273,DNxn109
2682,41456,DNit004
2683,24963,IN20A.22A052
2684,21685,DNb04
2685,20128,IN16B077
2686,10607,IN26X001
2687,33987,DNfl013
2688,152324,DNut052
2689,28544,DNxn115
2690,10594,IN07B002
2691,15374,IN11A008
2692,21943,IN02A033
2693,14896,IN08B046
2694,20303,AN08B081
2695,11145,DNa13
2696,12657,AN07B021
2697,24077,IN19A093
2698,10849,ANXXX026
2699,190167,DNlt011
2700,21109,IN16B083
2701,20153,IN16B070
2702,10093,DNg100
2703,12640,DNxl113
2704,22051,IN12B058
2705,12148,IN13B014
2706,14109,IN10B025
2707,23356,IN01A075
2708,22081,IN12B050
2709,18137,IN13A010
2710,17794,DNg41
2711,16392,IN11A009
2712,12229,INXXX101
2713,19299,IN12A031
2714,22126,Tergotr. MN
2715,30754,DNxn108
2716,14550,IN08B054
2717,30235,DNxn133
2718,44145,DNxn144
2719,12689,IN05B036
2720,26785,IN08A030
2721,19801,IN11A023
2722,11577,IN12B014
2723,24332,DNg11
2724,10937,DNg99
2725,101571,IN12B027
2726,34257,DNxn110
2727,37030,DNnt008
2728,21472,IN20A.22A035
2729,11548,DNg29
2730,10084,IN01A001
2731,10404,IN07B002
2732,17989,DNb04
2733,11437,DNp12
2734,30130,DNxn167
2735,17867,IN03A051
2736,10342,IN09A002
2737,22759,IN08A034
2738,32360,DNg92
2739,25449,DNg02
2740,158041,IN03A089
2741,11028,IN17A007
2742,21028,IN20A.22A008
2743,36801,DNxn139
2744,11613,DNxl120
2745,31141,DNp62
2746,13471,IN08B030
2747,62645,SNta40
2748,147245,SNta29
2749,12619,DNxl115
2750,41933,Tr flexor MN
2751,45341,SNta41
2752,10988,IN18B009
2753,152850,DNfl020
2754,12349,AN09B009
2755,11244,IN12A001
2756,32672,DNnt008
2757,34144,DNut036
2758,16824,AN07B045
2759,10018,IN07B001
2760,21375,IN20A.22A039
2761,16898,DNut058
2762,11133,IN03A005
2763,15597,DNxn174
2764,15396,IN08B056
2765,13670,IN21A019
2766,12427,AN09B014
2767,10331,DNp02
2768,29119,IN01B019
2769,18398,IN03A065
2770,11912,IN26X002
2771,16963,Tr flexor MN
2772,16988,IN01A052
2773,153605,IN01A063
2774,25336,DNut044
2775,19091,IN03A065
2776,18431,DNg42
2777,18550,IN21A047
2778,12218,IN13B011
2779,13390,AN06B034
2780,14945,IN13B068
2781,157409,IN13B097
2782,12999,IN01A022
2783,159807,IN13A071
2784,29238,DNp17
2785,11690,IN07B016
2786,12021,IN03A006
2787,11718,DNp19
2788,10163,AN23B003
2789,10609,IN19A010
2790,19363,SNpp19
2791,28806,IN09A083
2792,14098,IN04B100
2793,31630,IN16B114
2794,10273,IN00A002
2795,26464,DNg72
2796,19248,AN07B071
2797,15088,AN08B059
2798,15589,TN1c
2799,14281,AN23B001
2800,24897,IN12B065
2801,13577,IN02A034
2802,17830,DNfl041
2803,171636,IN20A.22A007
2804,11357,IN02A029
2805,18997,DNxn126
2806,15424,oviDN
2807,10657,AN06B004
2808,10807,IN06B008
2809,12132,IN04B086
2810,15604,DNxn141
2811,15578,DNg79
2812,12272,DNg43
2813,156096,IN12B090
2814,10441,IN27X001
2815,80826,SNpp53
2816,16744,IN13A020
2817,23955,DNxl088
2818,10063,AN19B001
2819,21771,IN16B064
2820,11353,IN08A008
2821,12086,INXXX058
2822,19114,AN04B023
2823,165560,IN09A012
2824,21006,IN03A051
2825,24753,DNg62
2826,87661,DNg36
2827,23716,IN04B098
2828,10340,IN07B006
2829,17615,IN03A046
2830,21740,IN09A030
2831,39705,DNg10
2832,17575,DNp45
2833,14165,IN03A022
2834,27314,IN12B084
2835,16757,IN04B034
2836,14820,DNg32
2837,15814,IN16B038
2838,23210,IN12B043
2839,11982,IN21A009
2840,12285,IN14A004
2841,13387,DNxl103
2842,25415,DNg59
2843,11801,IN03B020
2844,26467,DNut042
2845,35178,DNnt011
2846,26744,DNg72
2847,18201,IN08B064
2848,38325,IN04B067
2849,23240,IN13B069
2850,14244,DNg22
2851,10157,DNp02
2852,20782,DNfl034
2853,37405,DNg77
2854,15662,IN13B023
2855,12679,IN19A029
2856,18395,IN20A.22A012
2857,17703,IN19B054
2858,10608,IN14A002
2859,20424,IN01A063
2860,21148,IN17A079
2861,13358,IN06B029
2862,64088,SNxxxx
2863,17537,DNnt019
2864,28004,DNxn113
2865,21282,IN03A073
2866,14692,IN08B054
2867,25316,IN12B072
2868,17344,DNnt018
2869,25780,IN01A030
2870,154792,SNppxx
2871,32269,IN01A052
2872,27990,DNxn138
2873,13268,DNg69
2874,14797,IN17A052
2875,19806,IN12B041
2876,27819,SNpp50
2877,10752,IN10B002
2878,26805,IN08A036
2879,23581,IN20A.22A071
2880,26913,IN12A064
2881,19546,IN09A046
2882,15393,IN04B024
2883,14835,IN12A027
2884,46193,SNta41
2885,16436,IN11A008
2886,28700,DNg05
2887,20161,IN19A059
2888,22861,IN20A.22A018
2889,23379,IN14A068
2890,12990,IN14A011
2891,14391,IN17A053
2892,17459,IN23B028
2893,21837,IN13A060
2894,17718,IN14A013
2895,23374,IN21A047
2896,17790,IN12B027
2897,19652,Tergotr. MN
2898,13020,DNg66
2899,27877,DNg02
2900,22663,IN23B072
2901,43010,SNta44
2902,39630,IN19A122
2903,10283,IN05B003
2904,12206,DNxn166
2905,25542,IN01A078
2906,13099,AN07B106
2907,13142,IN11A007
2908,24125,DNg107
2909,18571,IN04B050
2910,27380,IN14A035
2911,15016,DNxn177
2912,12276,IN03A009
2913,13822,SNpp19
2914,152727,IN20A.22A049
2915,14676,AN08B022
2916,15689,IN12A036
2917,23690,DNut051
2918,10039,IN01A007
2919,28592,IN13A047
2920,153076,AN23B003
2921,34601,IN09A096
2922,29446,IN08A049
2923,19751,Ta levator MN
2924,157320,Ta levator MN
2925,17113,DNp64
2926,12539,ANXXX099
2927,18077,IN16B056
2928,16901,IN02A029
2929,28124,IN01A075
2930,26178,DNut054
2931,19912,AN04B023
2932,10137,AN02A001
2933,152140,IN20A.22A069
2934,154601,DNg83
2935,27640,DNp17
2936,21322,IN04B081
2937,15444,IN06B028
2938,13790,DNp17
2939,20805,IN08A036
2940,31507,AN08B113
2941,23688,DNg11
2942,21612,Tr flexor MN
2943,11732,ANXXX084
2944,33943,DNit007
2945,10052,ANXXX002
2946,102729,IN06B066
2947,40386,DNg10
2948,22563,IN19A093
2949,27078,ltm MN
2950,156700,IN09A074
2951,10823,AN04A001
2952,31876,IN13A050
2953,27098,DNp16
2954,166823,IN23B032
2955,15613,DNxn185
2956,19867,IN16B077
2957,19714,IN16B061
2958,10862,AN01B002
2959,12720,AN10B024
2960,16250,Tergopleural/Pleural promotor MN
2961,19594,IN13A060
2962,15161,SNpp19
2963,16489,IN17A053
2964,27441,IN14A033
2965,14340,DNg04
2966,17826,IN13A038
2967,11865,AN07B017
2968,153457,SNpp50
2969,10454,IN18B005
2970,11030,IN03B015
2971,40659,IN19A082
2972,16188,IN03A040
2973,176735,SNpp51
2974,15183,INXXX161
2975,27243,SNpp19
2976,101925,SNppxx
2977,10315,DNb05
2978,26332,DNfl028
2979,17429,IN04B034
2980,20775,IN12B058
2981,30568,
2982,18568,DNxl021
2983,19864,DNfl037
2984,19493,IN20A.22A015
2985,14171,DNp58
2986,25018,DNg61
2987,30214,IN19A120
2988,18197,IN08A019
2989,33725,DNxn109
2990,24749,IN13A049
2991,17084,IN08B056
2992,33151,DNxn110
2993,27152,DNg03
2994,12696,DNxn122
2995,25776,IN08A050
2996,26402,AN08B101
2997,34006,DNg92
2998,18136,IN02A033
2999,10697,DNut060
3000,17564,IN23B034
3001,100140,IN21A079
3002,29447,DNg02
3003,17944,AN07B062
3004,18554,Acc. ti flexor MN
3005,12819,IN13B069
3006,23431,AN10B009
3007,20932,IN04B100
3008,25694,DNg07
3009,12250,IN21A006
3010,17626,AN19A038
3011,11007,INXXX025
3012,10259,IN19A005
3013,15473,IN08B056
3014,12898,DNd05
3015,10235,IN13A001
3016,18893,DNg02
3017,48238,SNppxx
3018,24571,IN09A043
3019,23681,IN20A.22A024
3020,16837,DNg56
3021,15905,IN18B045
3022,32815,DNg12
3023,12262,IN19A142
3024,11887,DNxl118
3025,43795,DNut034
3026,10545,IN18B005
3027,29554,Ta depressor MN
3028,21724,IN03A087
3029,18751,IN12A053
3030,29310,IN01A079
3031,18339,DNg04
3032,26846,DNxn129
3033,17669,DNp41
3034,26600,IN21A042
3035,56299,IN13A051
3036,46599,SNta41
3037,205335,SNpp51
3038,15865,AN14B012
3039,17871,DNxn121
3040,12025,DNxl119
3041,20924,IN18B032
3042,13141,IN21A015
3043,16076,IN11A007
3044,15569,AN19B042
3045,25349,DNg08
3046,34253,DNg12
3047,15720,ltm1-tibia MN
3048,12135,IN21A018
3049,12475,IN19A029
3050,11621,DNxn182
3051,11818,ANXXX072
3052,45416,SNta40
3053,13569,INXXX204
3054,12023,IN13A043
3055,154269,IN03A073
3056,12502,INXXX126
3057,42161,DNxn115
3058,11136,DNp42
3059,20137,IN04B101
3060,10653,IN08A005
3061,24982,IN08A036
3062,25364,IN01A078
3063,15372,IN17A061
3064,11839,DNxn180
3065,10622,AN10B008
3066,31078,DNg12
3067,159873,IN03A088
3068,20799,DNxn130
3069,21715,IN23B029
3070,13942,Sternal posterior rotator MN
3071,10257,AN06B002
3072,11423,IN03B022
3073,141175,SNppxx
3074,24468,SNpp41
3075,100495,IN01B035
3076,27416,IN14A048
3077,27095,DNfl025
3078,15451,DNg04
3079,13092,DNxl111
3080,21901,IN03A046
3081,12790,IN13A014
3082,15179,IN14A012
3083,13550,IN12A016
3084,11640,IN13A006
3085,15023,Acc. ti flexor MN
3086,12512,INXXX091
3087,12068,IN03A013
3088,166597,DNxn128
3089,32904,DNut046
3090,186733,SNta29
3091,14297,IN04B059
3092,166986,IN06B024
3093,10373,IN07B002
3094,152586,IN13A071
3095,20802,IN19A080
3096,20878,IN16B070
3097,15844,DNg109
3098,22774,IN03A066
3099,23615,DNut054
3100,17881,IN13A049
3101,155591,IN04B067
3102,33000,DNg06
3103,30008,DNfl022
3104,27482,DNg03
3105,22235,SNpp19
3106,37881,DNnt007
3107,15848,IN19A076
3108,17501,IN23B050
3109,11295,IN16B016
3110,10118,DNa02
3111,25418,IN20A.22A055
3112,21594,IN20A.22A036
3113,30301,IN13B081
3114,21004,DNxl076
3115,20124,IN04B041
3116,11869,AN07B025
3117,13575,INXXX161
3118,11031,INXXX036
3119,14072,IN23B007
3120,21098,IN09A045
3121,25796,DNg51
3122,25961,IN12B035
3123,14880,IN04B013
3124,12969,DNxl108
3125,17730,IN23B022
3126,12064,DNp33
3127,11226,Fe reductor MN
3128,14389,IN04B014
3129,15719,AN08B069
3130,21814,AN08B097
3131,15280,DNg48
3132,10002,DNp01
3133,20494,IN16B075
3134,15460,IN03A028
3135,24327,IN13B018
3136,15818,ltm2-femur MN
3137,88300,SNxxxx
3138,88721,SNta40
3139,158326,IN19A096
3140,157446,IN14A089
3141,10399,DNg93
3142,29399,IN01A080
3143,10950,IN06B008
3144,33955,IN16B094
3145,17376,DNad005
3146,26321,DNg03
3147,15991,SNpp19
3148,14111,INXXX153
3149,26775,IN09A085
3150,32265,SNpp50
3151,12352,IN16B022
3152,29102,DNnt013
3153,53023,SNta41
3154,22586,DNxl077
3155,32916,DNut042
3156,23834,DNg08
3157,19721,IN01A063
3158,29670,IN01B063
3159,13309,AN19B015
3160,25339,IN14A048
3161,101043,Acc. ti flexor MN
3162,10846,IN18B011
3163,102170,IN20A.22A067
3164,14867,DNg48
3165,27448,DNp17
3166,14324,IN08B042
3167,10813,DNp20
3168,13154,IN04B013
3169,23292,DNut054
3170,19452,DNp24
3171,18730,DNxl096
3172,13545,IN03A018
3173,13089,DNp103
3174,35797,DNnt011
3175,16685,IN12B027
3176,15806,IN16B042
3177,29831,DNg06
3178,21249,IN20A.22A018
3179,28617,DNxn113
3180,20214,IN12B036
3181,11298,DNxn168
3182,10776,IN14B002
3183,16006,IN14B013
3184,22459,DNxl074
3185,20589,IN01A063
3186,25981,IN12A064
3187,11579,DNp69
3188,11316,IN19A008
3189,17210,TN1c
3190,39554,DNnt007
3191,30685,DNxn109
3192,159562,IN09A077
3193,100337,IN20A.22A076
3194,17076,IN18B045
3195,21753,Tergotr. MN
3196,11128,IN07B009
3197,47113,SNta21
3198,32388,DNxn167
3199,12439,DNxl117
3200,16565,IN14A015
3201,24893,IN08A036
3202,15750,IN04B020
3203,10268,IN13B001
3204,10568,AN19B009
3205,11341,ANXXX008
3206,100492,IN03A010
3207,15829,DNg76
3208,28581,IN13B096
3209,12501,IN21A024
3210,19262,IN08A030
3211,10946,IN10B004
3212,32568,DNg06
3213,47909,SNpp44
3214,10758,AN05B006
3215,23670,IN09A047
3216,34090,DNnt010
3217,15950,DNg104
3218,12624,IN12A013
3219,11741,ANXXX023
3220,25002,DNg08
3221,101705,IN12B058
3222,18579,Sternotrochanter MN
3223,21491,IN17A079
3224,22739,IN13B078
3225,13851,IN20A.22A009
3226,147826,SNta41
3227,38997,DNut046
3228,19996,IN03A062
3229,11343,IN10B007
3230,22982,IN12B059
3231,19659,IN20A.22A061
3232,16075,DNp63
3233,10024,IN04B041
3234,24879,IN16B080
3235,23852,IN16B080
3236,18709,IN16B061
3237,14350,DNxn178
3238,31396,DNut046
3239,103750,SNpp51
3240,10083,vMS17
3241,11892,IN09B006
3242,21565,DNxl074
3243,158043,IN21A065
3244,11006,AN19B009
3245,11003,AN27X004
3246,86124,SNpp52
3247,31497,DNht001
3248,11081,IN04B002
3249,19718,IN20A.22A018
3250,13336,DNxn122
3251,158694,Tr flexor MN
3252,13433,IN12A016
3253,16369,DNfl015
3254,22519,IN16B061
3255,18337,IN01A052
3256,10197,IN27X004
3257,19444,DNut054
3258,13900,DNg88
3259,13791,IN08B033
3260,21874,IN13A041
3261,12380,pIP9
3262,20755,IN16B055
3263,11494,IN13B009
3264,13501,IN03A017
3265,27055,IN01A085
3266,20504,IN13B066
3267,18135,DNxn154
3268,16190,IN21A022
3269,10828,IN19A012
3270,11327,aSP22
3271,17247,IN12B025
3272,42164,GFC4
3273,34738,IN20A.22A091
3274,12779,DNxl113
3275,10279,DNxl049
3276,156534,SNpp39
3277,16504,IN04B024
3278,27119,DNxn114
3279,21069,DNlt011
3280,16639,IN08B058
3281,13875,AN19A019
3282,18437,AN07B071
3283,10237,IN19A018
3284,37651,DNit006
3285,13422,AN08B023
3286,28350,DNg02
3287,26419,IN12B073
3288,148133,SNppxx
3289,31408,DNfl020
3290,17396,DNxl087
3291,63866,IN16B060
3292,15251,IN17A044
3293,34863,DNp17
3294,40503818429,SNppxx
3295,24888,IN09A077
3296,24892,DNg47
3297,11947,IN21A011
3298,45274,SNpp51
3299,11491,IN09B006
3300,152932,IN12B047
3301,19331,IN19A059
3302,20904,DNfl034
3303,10179,AN04B001
3304,102430,IN02A029
3305,24656,DNg08
3306,10806,IN01A005
3307,24743,IN01A075
3308,11966,IN17A020
3309,166963,IN01A081
3310,27936,DNfl023
3311,13161,DNxl104
3312,15513,DNxn183
3313,41883,IN19A114
3314,12949,IN04B010
3315,10424,IN14A001
3316,159431,IN09A061
3317,32767,DNut061
3318,100333,IN01B016
3319,25450,DNnt017
3320,12684,IN09A013
3321,30538,DNxn109
3322,15813,IN14B011
3323,101453,IN04B053
3324,18126,IN03A072
3325,11747,IN19A016
3326,23784,IN20A.22A025
3327,10413,AN04B001
3328,172453,IN21A028
3329,26974,IN20A.22A018
3330,17412,AN08B069
3331,15925,IN12A041
3332,10362,IN03A001
3333,10541,AN06B037
3334,10868,DNxl132
3335,11239,IN21A004
3336,11497,DNxn124
3337,11824,DNg14
3338,21212,IN04B073
3339,12050,IN03A010
3340,20825,DNxl078
3341,22625,DNut049
3342,15226,DNnt020
3343,10760,DNa01
3344,10728,IN21A001
3345,102228,SNta29
3346,17735,IN01A041
3347,16082,DNxn140
3348,26101,IN13A058
3349,20271,AN08B099
3350,13488,IN19A142
3351,15827,oviDN
3352,15303,IN01A039
3353,15496,AN05B104
3354,24653,IN19A104
3355,20921,IN03A080
3356,29390,IN02A055
3357,27951,DNfl029
3358,18944,IN01A063
3359,19554,DNnt017
3360,12973,DNxn007
3361,21955,IN03A094
3362,14421,IN08B038
3363,17287,AN07B042
3364,13508,INXXX089
3365,10445,IN09A002
3366,21908,DNg02
3367,26535,IN01B051
3368,16811,IN13A027
3369,11942,ANXXX084
3370,100318,IN01B063
3371,34060,DNnt010
3372,21931,IN01A069
3373,16961,IN12B039
3374,26320,IN20A.22A056
3375,13077,ANXXX109
3376,24775,IN12B069
3377,19389,IN20A.22A015
3378,13800,IN20A.22A029
3379,20259,IN23B050
3380,11174,IN10B007
3381,21898,IN13A035
3382,23299,Tr flexor MN
3383,16859,DNxl021
3384,13568,INXXX135
3385,12197,IN13B010
3386,17923,IN13B027
3387,19771,Tr flexor MN
3388,22483,IN03A085
3389,17043,IN08B052
3390,10291,DNxl134
3391,22729,Acc. tr flexor MN
3392,41125,DNxn139
3393,13409,IN04B009
3394,11961,DNxl126
3395,24238,IN12B058
3396,28314,IN19A098
3397,19333,IN21A037
3398,30406,IN01B082
3399,16405,IN08A041
3400,10419,AN05B007
3401,13051,INXXX161
3402,17533,IN12B028
3403,157802,IN08A041
3404,15297,DNxl096
3405,22365,IN20A.22A042
3406,25833,IN20A.22A049
3407,29974,IN20A.22A028
3408,15544,IN03A035
3409,29088,IN08A036
3410,43123,SNta38
3411,19185,IN03A046
3412,28397,IN21A082
3413,22064,IN14A026
3414,15677,IN01B010
3415,22312,IN08B062
3416,15186,DNg103
3417,155436,SNpp19
3418,27252,DNxn117
3419,23439,AN12B060
3420,17621,DNg56
3421,19289,IN14A024
3422,17046,IN08B054
3423,15841,DNp71
3424,12979,AN07B025
3425,21073,IN12B052
3426,30254,IN08A050
3427,28225,IN09A071
3428,162586,IN13A011
3429,52687,SNta41
3430,53199180469,ANXXX086
3431,15686,IN03A035
3432,42148618604,SNxxxx
3433,20692,IN13A035
3434,13122,AN12A017
3435,12888,AN08B027
3436,10031,IN06B001
3437,26626,DNxn117
3438,16254,IN13B028
3439,15446,Ta levator MN
3440,22755,DNg59
3441,12168,ANXXX072
3442,10022,vMS16
3443,10113,DNp11
3444,27389,DNfl028
3445,24960,IN16B061
3446,11289,IN21A012
3447,18171,IN16B055
3448,53588309438,DNxn104
3449,15155,DNxl068
3450,49317,DNxn192
3451,22430,DNxl073
3452,15369,IN04B009
3453,28959,DNut054
3454,20778,AN08B096
3455,30461,IN01B044
3456,43728,DNut046
3457,22676,DNg02
3458,15969,IN04B028
3459,29168,IN20A.22A078
3460,16659,IN12B026
3461,163686,Tr flexor MN
3462,14478,IN13A008
3463,25924,DNxl070
3464,19184,IN14A023
3465,11020,AN14A003
3466,10762,IN10B003
3467,10882,AN23B001
3468,18388,DNp29
3469,22980,IN20A.22A004
3470,25860,IN21A087
3471,14485,DNxn071
3472,14035,DNp60
3473,80251,SNppxx
3474,27014,DNfl026
3475,22903,IN13A043
3476,155853,Sternal adductor MN
3477,10209,IN02A003
3478,26089,DNxn116
3479,13300,Sternal anterior rotator MN
3480,10962,DNp13
3481,17522,DNfl038
3482,17138,IN12B037
3483,102064,IN16B061
3484,11976,IN01A015
3485,15408,IN12A027
3486,29889,DNnt014
3487,13168,DNg39
3488,13730,SNpp19
3489,11959,DNg98
3490,10303,IN01A002
3491,16655,IN08A010
3492,155633,Tergotr. MN
3493,11590,IN09A009
3494,15927,TN1c
3495,42192,DNxn115
3496,18401,IN20A.22A012
3497,26450,IN14A096
3498,16260,IN03A045
3499,22965,IN20A.22A056
3500,10844,IN19A017
3501,10348,IN27X001
3502,17505,IN14A015
3503,17857,AN03B095
3504,20807,IN10B034
3505,152786,IN03A065
3506,12921,ANXXX084
3507,163357,IN12B065
3508,26777,Acc. ti flexor MN
3509,10618,IN19A004
3510,11129,IN03B019
3511,14750,IN12B020
3512,21071,DNfl037
3513,102169,IN13A059
3514,16420,DNxl093
3515,12691,INXXX084
3516,50104,DNfl027
3517,12480,IN06B033
3518,167120,IN20A.22A053
3519,10656,DNg97
3520,38128,DNut036
3521,20978,DNxl077
3522,146296,SNpp45
3523,21986,IN07B045
3524,25420,IN01A083
3525,45523,DNxn104
3526,19396,IN20A.22A018
3527,10620,IN13B004
3528,31361,DNg12
3529,11110,IN03A014
3530,43926,SNta42
3531,59001,SNta44
3532,17268,DNxl088
3533,166421,IN04B101
3534,19296,IN12B025
3535,21082,IN20A.22A032
3536,32039,DNnt012
3537,29388,SNxx30
3538,14052,IN00A021
3539,68498,SNta40
3540,21941,IN20A.22A056
3541,12221,DNxl121
3542,26034,IN13B098
3543,17293,IN21A037
3544,19008,IN20A.22A009
3545,25251,IN14A047
3546,28812,DNxn111
3547,33755,DNnt013
3548,18586,IN04B050
3549,159822,Tr flexor MN
3550,13085,DNp28
3551,42930,DNut046
3552,39379,DNxn109
3553,20230,IN07B065
3554,37452,DNxn144
3555,22274,IN20A.22A017
3556,10519,AN18B002
3557,33673,DNit006
3558,20791,IN04B065
3559,11568,DNxl121
3560,24071,IN03A094
3561,11706,Ti extensor MN
3562,47642,ltm MN
3563,14541,IN08B062
3564,43194,IN14A110
3565,26371,IN01B051
3566,16487,IN04B041
3567,13782,IN20A.22A003
3568,12960,IN01A024
3569,67367,SNta31
3570,26118,IN21A087
3571,18841,IN03A051
3572,26632,IN13A060
3573,12302,IN16B030
3574,17332,IN03A051
3575,13639,IN08B037
3576,15421,IN20A.22A017
3577,12238,IN16B030
3578,10639,DNxn142
3579,23266,IN20A.22A067
3580,24076,IN16B082
3581,24181,IN04B081
3582,13690,IN13B015
3583,13255,IN14A023
3584,25959,IN20A.22A056
3585,13838,IN14B010
3586,11542,ANXXX057
3587,20781,IN13B066
3588,172107,IN19A011
3589,10222,INXXX008
3590,13483,DNxn102
3591,152655,IN04B101
3592,24121,IN08A030
3593,21995,IN16B094
3594,45400,DNg10
3595,28075,AN08B111
3596,11861,IN01A012
3597,19378,IN20A.22A013
3598,10019,IN14A012
3599,12098,IN06A006
3600,27918,IN14A090
3601,19689,IN20A.22A018
3602,14187,DNx02
3603,18083,IN13A051
3604,13481,DNg30
3605,15406,IN08B046
3606,19886,Tr flexor MN
3607,14751,TN1c
3608,28073,DNg02
3609,24284,AN08B099
3610,101895,IN04B031
3611,20811,IN13B065
3612,11051,DNxl128
3613,21380,DNxl082
3614,13931,IN03B042
3615,11740,IN06B018
3616,19535,DNut053
3617,47399,SNta42
3618,16995,IN19A120
3619,31274,DNht001
3620,13628,Pleural remotor/abductor MN
3621,30332,DNht001
3622,13491,DNp48
3623,20278,IN08A019
3624,25082,IN20A.22A049
3625,10465,DNg35
3626,62369,SNta44
3627,22369,IN12B024
3628,13905,IN16B036
3629,24193,DNfl012
3630,26362,DNg02
3631,18827,IN13A037
3632,43362,DNxn115
3633,41018,DNxn116
3634,12455,DNxl116
3635,12595,IN19A030
3636,172961,SNta38
3637,25786,DNa07
3638,16345,IN11A008
3639,35992,DNg92
3640,26941,IN04B111
3641,21383,IN20A.22A015
3642,11427,DNxn163
3643,166435,IN13A055
3644,11153,AN19B015
3645,22734,IN01A063
3646,20198,IN08B077
3647,17834,IN08A021
3648,44288,SNta44
3649,10293,IN09A001
3650,100799,IN16B061
3651,11099,AN12B008
3652,23865,IN16B064
3653,11205,AN00A006
3654,153222,IN08A036
3655,164071,IN19A102
3656,17806,DNg64
3657,24532,IN20A.22A024
3658,20130,IN08A036
3659,34409,DNut036
3660,20773,SNpp19
3661,12194,IN21A014
3662,24052,AN18B053
3663,14557,DNp27
3664,22457,IN20A.22A053
3665,11164,DNa13
3666,155827,IN19A064
3667,10553,IN13A012
3668,172951,SNpp51
3669,30271,DNg12
3670,172024,IN01A041
3671,26603,DNg85
3672,15541,IN12B022
3673,100339,IN04B078
3674,36598,DNit005
3675,159189,IN09A046
3676,16813,DNg78
3677,10621,DNa15
3678,28685,IN13B075
3679,23620,IN12B044
3680,22690,IN12B048
3681,11143,IN04B002
3682,13194,INXXX126
3683,44225,IN21A083
3684,29988,IN04B094
3685,32422,SNpp50
3686,10097,DNxl080
3687,16202,IN03A045
3688,22626,IN19A092
3689,15317,ltm2-femur MN
3690,20785,IN20A.22A026
3691,20756,IN12B044
3692,16554,DNc02
3693,22155,IN20A.22A009
3694,18332,IN01A053
3695,12543,IN10B014
3696,12955,DNp09
3697,37997,DNnt011
3698,20818,IN19A122
3699,13884,IN03A066
3700,178795,SNpp39
3701,14774,IN04B013
3702,31382,IN16B038
3703,22783,IN04B070
3704,39885,DNg10
3705,10879,AN08B012
3706,11917,IN27X014
3707,11792,IN16B033
3708,18614,DNg54
3709,17068,IN04B047
3710,27911,IN09A076
3711,100327,IN13B014
3712,13745,IN21A018
3713,41301,IN19A133
3714,22726,IN20A.22A015
3715,14050,AN12B017
3716,14948,DNp35
3717,21903,IN01A069
3718,13399,Ti flexor MN
3719,12965,DNxl112
3720,11256,IN10B007
3721,44165401805,SNppxx
3722,30919,DNg12
3723,10418,AN07B005
3724,12924,AN05B100
3725,13009,AN08B031
3726,13914,IN03A017
3727,18592,IN13A063
3728,17883,DNp30
3729,11636,IN20A.22A001
3730,38222,IN21A049
3731,14464,AN07B069
3732,11955,IN01A015
3733,26505,DNxn135
3734,173907,IN21A078
3735,21317,SNpp19
3736,62539,SNxxxx
3737,19878,DNut053
3738,14004,AN07B045
3739,11070,DNg97
3740,156326,IN09A021
3741,41150,SNta38
3742,19364,AN07B057
3743,40943,DNxn105
3744,20961,IN12B052
3745,22072,DNfl031
3746,25545,IN13A043
3747,17862,DNp51
3748,13556,DNg91
3749,16650,IN20A.22A024
3750,29904,DNht001
3751,13968,IN04B013
3752,156265,DNfl014
3753,19451,IN03A054
3754,25921,IN20A.22A049
3755,23455,IN16B091
3756,12663,AN08B022
3757,17258,IN23B018
3758,32451,IN20A.22A089
3759,23559,IN14A075
3760,10374,IN05B010
3761,18315,IN12B036
3762,10117,DNxl080
3763,18953,DNg08
3764,13061,DNg27
3765,18831,IN04B037
3766,17591,IN13B040
3767,174272,IN20A.22A069
3768,25740,IN01A083
3769,155809,IN01A078
3770,11736,IN19A032
3771,17420,IN16B050
3772,10789,IN01A011
3773,19160,IN16B058
3774,100251,SNta41
3775,154468,IN20A.22A042
3776,10792,IN01A011
3777,15624,IN08B062
3778,14931,DNa06
3779,33586,DNg12
3780,16753,IN03A034
3781,16626,IN04B085
3782,12214,DNg43
3783,24580,IN16B083
3784,22787,IN04B097
3785,12843,DNg37
3786,12733,DNxn166
3787,38393,DNxn108
3788,17252,IN13A027
3789,26285,DNg09
3790,31823,GFC4
3791,10995,DNg96
3792,164010,IN20A.22A006
3793,12541,AN07B021
3794,25155,DNxl071
3795,69417,DNxn100
3796,147753,SNta42
3797,26242,DNut043
3798,13582,IN20A.22A091
3799,165511,Ta depressor MN
3800,13428,DNd04
3801,13653,IN08B040
3802,10781,IN03B016
3803,11668,IN18B016
3804,16525,IN23B017
3805,33205,DNut046
3806,21695,SNpp52
3807,34669,DNht001
3808,12233,IN21A017
3809,17080,IN07B045
3810,15067,INXXX008
3811,13994,IN01A036
3812,13920,Fe reductor MN
3813,10663,DNp73
3814,18219,IN12A037
3815,12594,DNxl132
3816,24993,IN08A034
3817,12018,AN09B014
3818,26637,IN08A036
3819,33183,DNg53
3820,12926,DNp09
3821,14816,IN12B023
3822,20437,IN03A069
3823,36172,IN19A122
3824,18796,IN04B069
3825,10712,INXXX045
3826,16011,IN11A010
3827,27523,DNfl025
3828,29151,DNg106
3829,13042,IN11A002
3830,104141,DNg36
3831,10089,IN08B001
3832,22622,IN12B058
3833,24804,IN20A.22A040
3834,10280,IN09A001
3835,24060,DNp46
3836,14904,DNg55
3837,11509,IN13A037
3838,11609,IN14B004
3839,18600,IN03A065
3840,10714,IN01A004
3841,14908,IN12B021
3842,26159,DNg52
3843,10400,AN27X003
3844,24408,IN04B101
3845,12574,DNg66
3846,15601,IN01A040
3847,13466,DNxl022
3848,11662,IN03B025
3849,13111,IN01A030
3850,25969,DNg51
3851,10423,IN07B007
3852,28800,IN19A098
3853,15690,IN03A034
3854,24117,IN13A063
3855,10739,IN14A008
3856,10240,DNg108
3857,11994,IN18B018
3858,21416,IN12A056
3859,10613,AN07B004
3860,155654,IN01A083
3861,18196,IN12A041
3862,158007,IN20A.22A049
3863,14621,IN19A118
3864,33891,DNxn106
3865,20344,IN08A024
3866,30952,IN20A.22A069
3867,18724,IN04B093
3868,25571,IN08A036
3869,20727,IN02A033
3870,17665,IN03A039
3871,26448,DNg85
3872,20350,IN01A056
3873,23643,IN09A069
3874,153433,IN13A005
3875,14717,IN03A022
3876,27737,DNg106
3877,22996,IN03A087
3878,25354,IN20A.22A024
3879,153878,IN04B091
3880,27516,DNxn143
3881,22756,IN08A026
3882,24267,DNg107
3883,28303,DNg03
3884,30393,IN16B114
3885,22083,IN20A.22A052
3886,163745,SNpp50
3887,19414,DNp24
3888,152940,INXXX096
3889,21101,IN13A060
3890,102535,IN08A025
3891,25892,Sternal posterior rotator MN
3892,10717,DNp73
3893,21103,AN07B062
3894,41239,DNg07
3895,18943,SNpp19
3896,14814,DNg22
3897,13383,IN03A019
3898,15134,DNp68
3899,29339,IN13A063
3900,153805,IN20A.22A085
3901,23143,IN12B072
3902,11275,IN07B016
3903,34180,DNg106
3904,23583,AN12B089
3905,21751,IN19A069
3906,19055,IN13A061
3907,11426,AN10B008
3908,29689,Sternal posterior rotator MN
3909,15401,IN04B010
3910,41384,DNg10
3911,77085,SNta40
3912,31613,DNg12
3913,23138,IN01B023
3914,15838,DNxn101
3915,19992,IN20A.22A017
3916,159723,IN09A069
3917,13502,DNxl102
3918,11409,AN07B011
3919,11657,Ti extensor MN
3920,10306,IN07B007
3921,19890,IN12B031
3922,27815,IN20A.22A067
3923,15248,IN12A029
3924,13509,ANXXX131
3925,14677,DNc01
3926,27723,DNg03
3927,12746,DNxn161
3928,26318,DNfl027
3929,34081,DNit006
3930,12291,DNp33
3931,16589,IN02A007
3932,16193,DNxl125
3933,10672,IN08A005
3934,170624,SNpp19
3935,28474,IN13A071
3936,47000,SNta41
3937,17336,IN12A029
3938,12203,IN03B032
3939,30304,DNg06
3940,42130,DNxn116
3941,12956,DNxl109
3942,24236,IN12B083
3943,17721,IN13A050
3944,20234,IN01B023
3945,31635,DNg12
3946,29882,DNxn133
3947,18353,DNut057
3948,22880,IN14A044
3949,50794,DNg10
3950,21631,AN06B089
3951,14847,DNg33
3952,42341,SNta41
3953,29221,DNp17
3954,14771,IN19A064
3955,25607,IN12B070
3956,10385,IN19B005
3957,14974,IN01A041
3958,37675,DNxn109
3959,10242,IN19A007
3960,22706,IN21A081
3961,16755,IN03A046
3962,29487,Ta depressor MN
3963,17514,AN07B052
3964,30389,DNfl021
3965,26148,DNxn115
3966,18518,DNg41
3967,22002,DNxn100
3968,12412,IN20A.22A003
3969,154803,ltm MN
3970,20958,IN16B055
3971,26281,IN19A096
3972,16711,ltm2-femur MN
3973,19051,IN00A053
3974,100553,AN12B060
3975,12871,IN19A020
3976,165872,IN23B018
3977,11987,pMP2
3978,18496,IN09B038
3979,25606,DNg08
3980,13405,DNxn007
3981,16522,DNp70
3982,29767,DNxl066
3983,44998537896,SNta44
3984,12376,IN13A003
3985,25444,AN07B078
3986,19162,IN20A.22A024
3987,27217,DNfl024
3988,30043,DNit008
3989,20391,IN01A069
3990,27097,DNg03
3991,13649,TN1c
3992,20147,IN12B044
3993,37692,IN13A061
3994,44105,SNta41
3995,10090,IN07B002
3996,15611,IN08B056
3997,164272,IN04B100
3998,11488,DNxl123
3999,10596,INXXX126
4000,25805,IN14A096
4001,12690,IN06B033
4002,10056,vMS16
4003,22379,IN04B067
4004,31758,IN13B095
4005,43011,DNut036
4006,22372,DNg94
4007,29178,DNnt008
4008,14912,IN14A007
4009,12815,IN01A009
4010,17584,IN04B081
4011,12738,IN13B012
4012,28163,DNp17
4013,160295,IN08A034
4014,14536,Tr extensor MN
4015,16328,AN07B015
4016,23171,IN04B098
4017,31648,DNg46
4018,10834,IN16B014
4019,26376,GFC4
4020,36962,DNnt007
4021,13273,DNxl106
4022,21613,IN20A.22A015
4023,26588,Acc. tr flexor MN
4024,20104,DNxn153
4025,26608,DNfl028
4026,20099,IN03A062
4027,24019,AN19A038
4028,159502,IN20A.22A001
4029,16677,IN20A.22A011
4030,17254,AN05B054
4031,19182,DNg02
4032,16541,DNxl092
4033,17890,IN16B045
4034,20004,IN07B073
4035,25181,IN16B082
4036,42819,AN27X004
4037,25008,IN09A072
4038,11123,DNa04
4039,17813,IN13A041
4040,157260,IN03A084
4041,10918,IN21A002
4042,11100,IN03A005
4043,20896,IN08A036
4044,21320,DNfl033
4045,26983,IN03A062
4046,152244,IN04B086
4047,18596,DNxn173
4048,11311,DNa13
4049,25323,IN03A085
4050,25767,Sternal posterior rotator MN
4051,20673,Tr flexor MN
4052,19191,IN16B050
4053,26627,IN12B072
4054,24611,IN12B050
4055,171416,IN02A023
4056,23573,DNg07
4057,29040,DNit007
4058,100250,SNta29
4059,12198,IN18B016
4060,17699,IN03A065
4061,16999,IN13B029
4062,20253,DNg94
4063,20735,IN01B019
4064,24858,DNg12
4065,25052,IN08A030
4066,153575,AN19B051
4067,13750,DNad005
4068,44166,DNxn189
4069,26587,DNp17
4070,16174,IN07B044
4071,21476,IN13A056
4072,18457,IN13A047
4073,26263,IN09A063
4074,10953,INXXX058
4075,31400,AN03A008
4076,19462,DNxl083
4077,12929,IN12B012
4078,150308,SNta44
4079,10299,INXXX025
4080,14544,AN08B031
4081,23437,IN21A044
4082,11684,DNp19
4083,10060,IN16B020
4084,14122,ANXXX130
4085,12553,IN02A011
4086,32950,DNg92
4087,13926,AN27X008
4088,42318,SNta44
4089,23226,IN20A.22A055
4090,21544,IN12B038
4091,17051,IN13B036
4092,15115,INXXX468
4093,22777,SNpp19
4094,19667,Sternal posterior rotator MN
4095,23484,IN16B070
4096,45412509152,SNxxxx
4097,13892,DNb08
4098,11002,ANXXX026
4099,13156,ltm MN
4100,18983,Fe reductor MN
4101,12959,IN06B029
4102,19703,SNpp19
4103,11556,IN17A019
4104,10338,dMS9
4105,22198,IN14A021
4106,21159,SNpp52
4107,12559,IN18B018
4108,12644,IN12A015
4109,25938,IN20A.22A071
4110,24087,DNfl037
4111,18483,INXXX471
4112,11753,SNpp53
4113,17198,IN08A036
4114,152141,IN21A023
4115,29706,DNg12
4116,24761,IN03A094
4117,12613,DNxn103
4118,20479,IN08A026
4119,10822,AN14A003
4120,20373,Acc. ti flexor MN
4121,23430,AN12B060
4122,13984,AN09B007
4123,22656,IN12B062
4124,29856,DNut042
4125,24845,DNg02
4126,28372,DNut050
4127,52886,SNta44
4128,25239,DNxn169
4129,149980,SNta44
4130,16425,IN13B022
4131,11710,IN19A024
4132,26337,DNg08
4133,16395,IN20A.22A012
4134,18958,IN03A067
4135,12996,AN27X016
4136,21440,DNfl032
4137,10889,IN13A011
4138,19120,DNg02
4139,15868,IN23B021
4140,12611,INXXX126
4141,10910,IN12B007
4142,13698,INXXX466
4143,12423,IN06B027
4144,21134,IN04B081
4145,33615,IN04B066
4146,86815,IN07B074
4147,103285,IN14A035
4148,150627,SNta42
4149,18626,IN09A033
4150,10429,AN03B009
4151,168834,SNpp50
4152,31531,DNfl018
4153,16935,IN13B029
4154,16582,DNxn184
4155,21284,DNg89
4156,13975,IN04B015
4157,67760,SNta29
4158,18545,IN03A075
4159,21020,AN07B071
4160,11637,DNb07
4161,16020,AN08B059
4162,27993,DNg60
4163,159647,IN23B024
4164,18069,IN19A106
4165,26345,IN12B086
4166,20317,IN16B075
4167,27499,IN09A080
4168,19712,IN13A035
4169,18712,IN04B037
4170,19555,IN23B029
4171,25130,DNut044
4172,10759,DNxn125
4173,33184,DNnt011
4174,26894,DNnt017
4175,14949,Fe reductor MN
4176,18445,DNb02
4177,16663,IN20A.22A009
4178,155073,SNpp41
4179,18474,AN17A073
4180,150224,SNta41
4181,17143,IN14A014
4182,101872,IN16B124
4183,14850,IN07B055
4184,14068,INXXX153
4185,10587,IN07B007
4186,24128,IN03A080
4187,21775,IN03A062
4188,17195,IN04B028
4189,10016,AN19B001
4190,14680,DNb08
4191,24623,IN12B060
4192,23029,IN04B102
4193,36722,IN04B100
4194,22163,IN04B091
4195,20464,DNxl101
4196,15327,DNxn185
4197,25960,DNxl071
4198,18312,DNxn131
4199,15097,IN20A.22A009
4200,11931,DNp34
4201,157002,IN03A094
4202,23147,IN12B044
4203,20866,IN13B065
4204,19319,Tergopleural/Pleural promotor MN
4205,10720,DNa15
4206,26527,IN08A050
4207,13426,IN12B020
4208,24129,DNut054
4209,14783,Acc. tr flexor MN
4210,17264,IN03A039
4211,18665,IN03A081
4212,16696,IN03A046
4213,23336,IN20A.22A056
4214,22332,IN12B073
4215,11336,AN01A006
4216,10490,IN18B005
4217,10785,AN08B005
4218,100334,IN01B020
4219,17050,ltm2-femur MN
4220,19143,AN07B071
4221,10091,IN08B001
4222,13496,DNut059
4223,12984,IN12A016
4224,24679,DNg110
4225,21319,IN07B065
4226,15074,DNg95
4227,29480,IN13B087
4228,29714,IN02A033
4229,44302,DNg18
4230,154083,DNxn118
4231,101414,IN03B019
4232,22331,IN09A048
4233,22389,IN01B025
4234,16708,IN20A.22A035
4235,35789,DNg05
4236,20930,IN02A029
4237,166645,DNxn139
4238,10896,DNxl133
4239,20359,AN07B062
4240,37628,IN19A132
4241,24965,DNg11
4242,11711,IN02A006
4243,18785,IN04B038
4244,11734,IN03A007
4245,19976,IN03A078
4246,19369,DNfl036
4247,22036,IN03B020
4248,45015,SNta41
4249,32058,IN19A076
4250,11004,AN17A003
4251,27406,IN21A068
4252,145147,SNpp51
4253,33545,DNfl018
4254,10367,IN12B002
4255,17163,AN07B042
4256,24758,DNut045
4257,29484,Fe reductor MN
4258,155727,SNpp53
4259,13034,DNp53
4260,23953,DNfl030
4261,74675,SNta41
4262,25126,AN16B078
4263,18412,Acc. ti flexor MN
4264,34193,IN16B122
4265,28229,IN06B035
4266,32424,DNg12
4267,32154,DNg106
4268,21277,IN21A083
4269,10427,IN19A007
4270,11665,AN17A015
4271,10602,ANXXX037
4272,10912,DNxl131
4273,22004,DNxn118
4274,57783,SNta44
4275,15963,IN19A117
4276,53202877530,DNxl071
4277,15001,IN16B045
4278,14999,DNxn177
4279,13056,IN16B034
4280,19705,IN23B029
4281,105091,DNht001
4282,16125,IN01A041
4283,153564,IN13A050
4284,28048,DNxl072
4285,10967,DNa13
4286,23444,IN12B058
4287,42298,IN13B065
4288,15307,IN11B018
4289,19511,DNfl035
4290,162540,IN04B020
4291,13768,IN21A016
4292,21124,DNxl075
4293,10336,DNg98
4294,11526,IN06B016
4295,45883,IN19A114
4296,165614,IN13A038
4297,20313,DNnt016
4298,42500644073,IN21A037
4299,16326,DNp71
4300,42680,IN19A107
4301,171761,IN21A008
4302,15331,DNxn071
4303,15807,IN01A035
4304,11731,DNxl123
4305,30999,DNg12
4306,10704,AN07B015
4307,33073,IN19A133
4308,155236,IN04B019
4309,159648,IN13B076
4310,37712,DNnt011
4311,16484,IN11A009
4312,93140,SNppxx
4313,11693,DNxn182
4314,19861,AN08B086
4315,155804,IN16B122
4316,11324,INXXX036
4317,16680,IN13A060
4318,16822,DNxn157
4319,18629,IN04B070
4320,13251,IN05B036
4321,14066,IN14B010
4322,13278,IN17A037
4323,12020,DNb01
4324,27359,DNxn129
4325,17104,IN12B025
4326,26720,DNnt008
4327,53581075416,DNxn108
4328,18967,IN11A007
4329,21639,IN13B065
4330,34536,SNta32
4331,10719,DNxn125
4332,18358,IN01A052
4333,16216,AN05B049
4334,15687,IN16B042
4335,23811,DNxn117
4336,150656,SNta44
4337,162550,IN09A030
4338,68762,SNpp50
4339,25160,IN04B112
4340,17651,IN09B038
4341,18744,IN13A047
4342,39045,DNg10
4343,162554,IN20A.22A055
4344,19148,IN19A093
4345,12939,DNxl022
4346,33570,DNnt008
4347,16137,IN20A.22A005
4348,12723,IN12A015
4349,19921,IN20A.22A016
4350,23872,IN20A.22A041
4351,25813,IN21A094
4352,18945,IN13B044
4353,24964,IN09A069
4354,162210,IN21A100
4355,38059114871,SNta21
4356,43869,DNxn109
4357,11616,DNxl124
4358,161066,SNppxx
4359,33190,IN04B115
4360,24573,IN19A021
4361,11653,IN14B004
4362,19048,Acc. ti flexor MN
4363,33663,DNxn106
4364,13343,DNxn160
4365,31364,IN19A122
4366,13455,IN04B010
4367,22136,AN12B060
4368,16706,DNg79
4369,16196,IN08B040
4370,30119,DNut042
4371,18529,IN16B075
4372,11507,IN19A019
4373,21142,IN03A080
4374,14096,IN16B036
4375,27622,DNxn100
4376,10376,IN19A006
4377,22843,IN08A034
4378,16053,DNxl094
4379,28667,DNut054
4380,16967,AN01A049
4381,16817,DNfl041
4382,15452,IN16B042
4383,26152,IN14A078
4384,44692,DNxn128
4385,21117,IN20A.22A037
4386,44201,DNit012
4387,40931664912,SNppxx
4388,35473,DNg12
4389,17240,AN09B020
4390,24429,IN11A024
4391,15237,IN12B030
4392,155169,IN01A078
4393,13351,IN12A021
4394,13257,DNxl103
4395,12159,AN06A016
4396,24755,DNxn138
4397,28101,IN20A.22A069
4398,22806,IN04B111
4399,42476,IN19A103
4400,81203,SNpp45
4401,20085,DNnt016
4402,25939,IN03A069
4403,11300,EA06B010
4404,25425,IN20A.22A055
4405,17839,SNpp52
4406,11925,IN09A006
4407,11909,AN19B018
4408,15367,Acc. ti flexor MN
4409,13551,ANXXX145
4410,10531,DNa10
4411,152740,SNta29
4412,15728,IN13B018
4413,14646,AN08B043
4414,12707,DNp08
4415,10313,AN18B001
4416,23700,IN09A069
4417,10826,IN19A013
4418,28263,DNxl067
4419,152488,IN09A084
4420,19690,IN03A039
4421,24137,IN09A074
4422,10626,IN14A002
4423,23509,IN04A002
4424,10854,IN16B016
4425,24415,IN13B091
4426,27810,IN21A090
4427,13517,DNxn175
4428,12783,DNp59
4429,10166,IN07B001
4430,16342,IN12B039
4431,23026,DNg11
4432,41249,IN13A061
4433,11354,DNg75
4434,12088,IN06A006
4435,10205,AN19B004
4436,18811,IN09A033
4437,29475,IN23B072
4438,15530,IN17A061
4439,13326,DNg30
4440,24107,DNg65
4441,23381,DNut049
4442,11415,IN21A013
4443,16380,IN03A029
4444,14660,IN08B037
4445,13765,AN18B023
4446,12817,INXXX032
4447,23351,IN20A.22A053
4448,10550,AN03B011
4449,25454,DNg110
4450,12017,IN07B020
4451,19495,IN16B060
4452,155519,IN08A034
4453,14630,IN08B054
4454,10141,IN12B002
4455,23393,IN16B080
4456,16107,ANXXX255
4457,20885,IN04B093
4458,11368,IN03B019
4459,15291,DNxn186
4460,13824,IN01A034
4461,20937,IN20A.22A035
4462,12319,DNa05
4463,17751,DNxl056
4464,23647,IN01A074
4465,11894,DNp34
4466,35772,SNta29
4467,25015,IN20A.22A053
4468,21372,IN13A058
4469,18861,IN04B038
4470,13819,Acc. ti flexor MN
4471,15164,IN09A014
4472,27358,DNlt010
4473,193196,SNppxx
4474,13624,AN12B017
4475,150350,SNta40
4476,21213,IN20A.22A029
4477,25125,IN13B081
4478,21270,DNxl078
4479,12096,Pleural remotor/abductor MN
4480,18269,IN04B039
4481,12972,IN06B032
4482,23407,IN20A.22A039
4483,12061,IN16B029
4484,17934,IN03A028
4485,23239,SNpp19
4486,14638,DNg32
4487,20919,IN16B076
4488,13424,IN23B009
4489,21696,DNxl077
4490,19046,DNg82
4491,11192,AN05B095
4492,26643,IN12B021
4493,26566,Sternal anterior rotator MN
4494,15772,DNg87
4495,21791,IN03A094
4496,40560,IN07B065
4497,17562,IN03A062
4498,14018,DNp38
4499,39475,DNxn137
4500,164271,IN04B066
4501,19092,ltm MN
4502,23975,IN01A074
4503,11833,IN19A021
4504,27801,IN19A117
4505,15309,IN04B085
4506,11196,IN09A003
4507,18652,IN08B082
4508,34184,DNnt007
4509,14526,IN11A007
4510,45311,DNut034
4511,16823,SNpp19
4512,31222,IN20A.22A083
4513,76130,SNta42
4514,13951,DNxn187
4515,19660,DNxl083
4516,14956,IN01B008
4517,152784,IN08A034
4518,13064,AN06B088
4519,10335,IN07B010
4520,16549,IN08B058
4521,100497,IN20A.22A039
4522,14840,IN08B046
4523,21160,IN04B078
4524,72317,SNta34
4525,26426,DNfl029
4526,24222,IN14A042
4527,27524,DNxl071
4528,23806,IN08B062
4529,12356,IN20A.22A071
4530,15731,IN20A.22A007
4531,76940,IN13A051
4532,22588,IN16B102
4533,14196,IN16B037
4534,32872,IN19A082
4535,14935,DNg90
4536,100498,IN20A.22A024
4537,11220,DNxl127
4538,20500,IN12B031
4539,16147,IN03A045
4540,11402,IN18B012
4541,45090,SNta20
4542,21956,IN04B101
4543,11023,AN06B002
4544,30692,SNpp39
4545,26047,DNg09
4546,27260,IN14A017
4547,10456,IN07B007
4548,11587,AN09A007
4549,166522,DNht001
4550,18195,IN20A.22A013
4551,18417,IN05B085
4552,23933,IN19A084
4553,75891,SNta41
4554,152581,IN08B077
4555,12283,IN21A017
4556,155606,IN08B054
4557,24050,Fe reductor MN
4558,27809,IN01A083
4559,13938,IN03A020
4560,22148,IN13B078
4561,11787,AN06B015
4562,14069,ltm MN
4563,12827,DNp08
4564,18415,DNb02
4565,26209,DNg11
4566,11251,AN08B005
4567,29450,IN01A079
4568,10593,IN07B007
4569,13704,DNg68
4570,23631,IN20A.22A023
4571,15321,Ti flexor MN
4572,13762,IN16B037
4573,17565,IN13B027
4574,23142,IN09A046
4575,101443,IN03A046
4576,10096,IN27X002
4577,24496,IN20A.22A052
4578,16293,IN04B024
4579,171924,SNta44
4580,167965,DNg01
4581,17710,DNxl086
4582,152331,IN21A038
4583,16722,DNxn141
4584,11425,IN21A007
4585,39959,DNg18
4586,11314,EA06B010
4587,27174,DNut043
4588,11355,ANXXX041
4589,25645,DNut054
4590,24311,DNxn191
4591,20044,IN20A.22A023
4592,30346,DNg12
4593,104296,DNut042
4594,14186,IN18B045
4595,26509,IN20A.22A049
4596,24337,DNxl073
4597,10232,AN19B004
4598,145518,SNta29
4599,26994,DNht001
4600,12699,IN13B013
4601,17782,DNg23
4602,13007,INXXX126
4603,21155,SNpp45
